record,subject,ecg_fs,ecg_len,acc_fs,acc_len,grid_touching,kept,dropped,dropped_mixed,dropped_partly_unannotated,class1,class2,class3
100001,100,1000,87087000,100,8708700,8708,8150,558,558,0,5659,2471,20
100002,100,1000,86762000,100,8676200,240,133,107,107,0,93,40,0
103001,103,1000,87125000,100,8712500,240,155,85,85,0,129,26,0
103002,103,1000,86482000,100,8648200,240,191,49,49,0,188,3,0
103003,103,1000,86420000,100,8642000,240,169,71,71,0,163,6,0
104001,104,1000,87178000,100,8717800,240,195,45,45,0,133,62,0
105001,105,1000,139147000,100,13914700,13914,12853,1061,1061,0,5243,2877,4733
111001,111,1000,90645000,100,9064500,9064,7541,1523,1523,0,3107,4190,244
113001,113,1000,91148000,100,9114800,361,248,113,111,2,186,60,2
114001,114,1000,91651000,100,9165100,374,356,18,14,4,225,49,82
115001,115,1000,87934000,100,8793400,240,162,78,78,0,129,33,0
118001,118,1000,89091000,100,8909100,240,175,65,65,0,125,50,0
121001,121,1000,91233000,100,9123300,240,155,85,85,0,149,6,0
122001,122,1000,122798000,100,12279800,240,227,13,13,0,75,32,120
123001,123,1000,133448000,100,13344800,240,189,51,51,0,184,5,0
124001,124,1000,86489000,100,8648900,482,217,265,261,4,52,142,23
125001,125,1000,86428000,100,8642800,240,225,15,15,0,225,0,0
126001,126,1000,92361000,100,9236100,240,216,24,24,0,216,0,0
