candidate,baseline,group,severity,n_conditions,auroc_candidate,auroc_baseline,diff,ci_low,ci_high,ci_excludes_zero,is_best_baseline
E,A,seen_families,mild,4,0.8548832983389685,0.855083345090609,-0.00020004675164042585,-0.0027079813604805264,0.002178704878591673,False,True
E,C,seen_families,mild,4,0.8548832983389685,0.8536096753139979,0.0012736230249706382,-7.437461829528941e-05,0.0025052264205926125,False,False
E,A,seen_families,moderate,4,0.8542359727347075,0.8546082332079767,-0.000372260473269298,-0.0028695657143873944,0.0020085848194165913,False,True
E,C,seen_families,moderate,4,0.8542359727347075,0.8531069067169488,0.001129066017758612,-0.0001826204649845839,0.0023329227110421447,False,False
E,A,seen_families,severe,4,0.8524120851651682,0.8531185680010636,-0.0007064828358954167,-0.003250492553980968,0.001641487434880967,False,True
E,C,seen_families,severe,4,0.8524120851651682,0.8515279058985048,0.0008841792666634818,-0.00044886485903918445,0.0021246236348784063,False,False
E,A,seen_families,all,12,0.853843785412948,0.8542700487665499,-0.0004262633536017135,-0.0029269816963837882,0.0019530571162543957,False,True
E,C,seen_families,all,12,0.853843785412948,0.8527481626431505,0.0010956227697975773,-0.0002512520028015261,0.0023197261674789424,False,False
E,A,unseen_families,mild,3,0.8537051142830135,0.8535996146562237,0.00010549962678999918,-0.0023802327530029945,0.002565746255115532,False,True
E,C,unseen_families,mild,3,0.8537051142830135,0.8524275645770567,0.0012775497059570224,-6.144678038808272e-05,0.002506588588415475,False,False
E,A,unseen_families,moderate,3,0.8514582964891991,0.8514701935280732,-1.1897038874053578e-05,-0.0025193295852110513,0.0024974601922916942,False,True
E,C,unseen_families,moderate,3,0.8514582964891991,0.8502973818862237,0.0011609146029755157,-0.00016098271741655688,0.0023945361144251643,False,False
E,A,unseen_families,severe,3,0.849186557955929,0.8496611260002765,-0.0004745680443475342,-0.0029804299229939284,0.00209175223604833,False,True
E,C,unseen_families,severe,3,0.849186557955929,0.848385262885861,0.0008012950700680236,-0.0004891829018322453,0.002023750951079609,False,False
E,A,unseen_families,all,9,0.8514499895760472,0.8515769780615243,-0.0001269884854771962,-0.0026468135193504047,0.00232049436295857,False,True
E,C,unseen_families,all,9,0.8514499895760472,0.8503700697830472,0.0010799197930001874,-0.0001803053063223303,0.0022869590250910073,False,False
E,A,mixed,mild,2,0.8541375385227903,0.8538213842754443,0.00031615424734593445,-0.0022271571402031386,0.002716391030381171,False,True
E,C,mixed,mild,2,0.8541375385227903,0.8529585717672501,0.001178966755540134,-0.00015836865393578916,0.002430056020097028,False,False
E,A,mixed,moderate,2,0.851390399363587,0.8510472979084076,0.00034310145517929547,-0.0021046754287085117,0.0027470675681973917,False,True
E,C,mixed,moderate,2,0.851390399363587,0.8504327303609185,0.0009576690026684709,-0.0003558824521791654,0.0021819638225783144,False,False
E,A,mixed,severe,2,0.8471274754007794,0.8475741517548053,-0.0004466763540258989,-0.0030308808806915766,0.0020902209458314304,False,True
E,C,mixed,severe,2,0.8471274754007794,0.8464725236689827,0.0006549517317966935,-0.0006259193719300041,0.0018978848081870586,False,False
E,A,mixed,all,6,0.8508851377623855,0.8508142779795524,7.085978283311034e-05,-0.0023558260220649797,0.002456987161099621,False,True
E,C,mixed,all,6,0.8508851377623855,0.8499546085990505,0.0009305291633350995,-0.00035328083067011443,0.002129581289625948,False,False
E,A,all_corrupted,mild,9,0.8543248459167218,0.854308332542444,1.6513374277795892e-05,-0.0025021341599201193,0.0024641858107020895,False,True
E,C,all_corrupted,mild,9,0.8543248459167218,0.8530709487246291,0.0012538971920926542,-7.168573016196214e-05,0.002488693030605236,False,False
E,A,all_corrupted,moderate,9,0.8526777310148446,0.8527709010258824,-9.317001103786243e-05,-0.002548979688214196,0.002354492886057507,False,True
E,C,all_corrupted,moderate,9,0.8526777310148446,0.8515761370275893,0.0011015939872553264,-0.00020176730213809947,0.002324931593882728,False,False
E,A,all_corrupted,severe,9,0.8501625517033354,0.850733994834966,-0.0005714431316306742,-0.003066215046206379,0.001783036062772742,False,True
E,C,all_corrupted,severe,9,0.8501625517033354,0.8493569399543964,0.0008056117489390427,-0.0004961222141822074,0.002010324538721127,False,False
E,A,all_corrupted,all,27,0.8523883762116339,0.8526044094677642,-0.0002160332561302469,-0.0025998520088175207,0.0022195399355013894,False,True
E,C,all_corrupted,all,27,0.8523883762116339,0.8513346752355383,0.0010537009760956744,-0.0002482205745989538,0.00225724334987869,False,False
