variant,regime,group,severity,n_seeds,auroc_mean,auroc_std,f1_mean,f1_std,drop_auroc_mean,drop_auroc_std,drop_f1_mean,drop_f1_std
A,aug,clean,none,5,0.8496365392012949,0.0012566376249159405,0.6303705236223556,0.00159057905953663,0.0,0.0,0.0,0.0
A,aug,seen_families,mild,5,0.8496013684185989,0.0013177585843979313,0.6297943093781379,0.0015842829529657048,3.51707826960368e-05,9.653389152673959e-05,0.0005762142442177654,0.0004954062610225546
A,aug,seen_families,moderate,5,0.8491489959321463,0.0014112691714002622,0.6281630384691639,0.0023927104748534826,0.0004875432691486825,0.00028432108733945075,0.0022074851531916685,0.0012550683506159118
A,aug,seen_families,severe,5,0.8475989301597326,0.0013519467460829321,0.6250325584831378,0.0027570518445596695,0.0020376090415622715,0.0004782099756675606,0.005337965139217827,0.0021532607711643127
A,aug,seen_families,all,5,0.8487830981701594,0.0013495507013141735,0.6276633021101465,0.0020955102966180783,0.0008534410311356044,0.0002749393720173679,0.002707221512209079,0.0011246177604545412
A,aug,unseen_families,mild,5,0.8481883323627338,0.0012850298058897508,0.6271479423146452,0.0036986027207753934,0.0014482068385611945,0.000245762202623811,0.0032225813077103815,0.002377366348165644
A,aug,unseen_families,moderate,5,0.8456720696617392,0.0014792051044664081,0.6187280362486349,0.005667242626467855,0.0039644695395558704,0.000668050964401724,0.011642487373720667,0.00499509567110197
A,aug,unseen_families,severe,5,0.8434861369774682,0.0016147533812831273,0.6048723269685905,0.01113962737282207,0.0061504022238267455,0.0009243727294346373,0.025498196653765137,0.011062838586938397
A,aug,unseen_families,all,5,0.8457821796673137,0.0014356399927123134,0.6169161018439568,0.006260914254361543,0.0038543595339812775,0.0006048594422822079,0.013454421778398729,0.005793611192230036
A,aug,mixed,mild,5,0.8484757278454655,0.0013504053096092012,0.6276015209945027,0.002566261220758426,0.0011608113558295497,0.00018809210796820602,0.0027690026278528457,0.0020716851481392354
A,aug,mixed,moderate,5,0.8455041790280537,0.0013834084460224883,0.6219383390669805,0.003238894487412193,0.004132360173241256,0.0003822190423944098,0.008432184555375177,0.0031301683786287967
A,aug,mixed,severe,5,0.841500798185981,0.0016748162627975645,0.6144758635582647,0.0040413424640058,0.00813574101531398,0.0005197682549973956,0.015894660064090994,0.0033904795688126147
A,aug,mixed,all,5,0.8451602350198334,0.0014633584972416282,0.6213385745399159,0.002975700010573089,0.004476304181461633,0.0003333968645233045,0.009031949082439695,0.0024993981763459603
A,aug,all_corrupted,mild,5,0.8488802140503919,0.0013056618531753696,0.6284249007161659,0.002318410922997707,0.0007563251509030034,9.716020660617706e-05,0.0019456229061897367,0.0010876148126357078
A,aug,all_corrupted,moderate,5,0.8471800611966568,0.0013736257287590011,0.6236347711951691,0.0032258480485576374,0.0024564780046382627,0.00025331973564056746,0.006735752427186536,0.002453352621504863
A,aug,all_corrupted,severe,5,0.8448728586603664,0.0014128108103348776,0.6159665491060946,0.004647593753649221,0.004763680540928595,0.0003710970238123544,0.014403974516260987,0.004317317093431365
A,aug,all_corrupted,all,5,0.8469777113024717,0.0013582564821763674,0.6226754070058098,0.0031604765526285655,0.002658827898823324,0.00022968899703172817,0.007695116616545783,0.0024782827072572667
A,clean,clean,none,5,0.8483637469257876,0.0033307131456508706,0.6280131395150512,0.003904214489568023,0.0,0.0,0.0,0.0
A,clean,seen_families,mild,5,0.8469389256556668,0.0033580088663729022,0.6248473332795301,0.004406918578413146,0.0014248212701211348,0.0007013724612975823,0.0031658062355210737,0.0022296058552368075
A,clean,seen_families,moderate,5,0.8408400469192548,0.0033270951047902958,0.6126842840686162,0.006946662181311824,0.00752370000653293,0.0020068209540875415,0.01532885544643492,0.005280473412123256
A,clean,seen_families,severe,5,0.8269550786012967,0.0035026663962260457,0.5441775412690119,0.015243134132356895,0.021408668324491,0.00575918739440581,0.0838355982460394,0.01592409293494328
A,clean,seen_families,all,5,0.8382446837254062,0.0024029487928523474,0.5939030528723862,0.006693860307688109,0.010119063200381695,0.002607394903737949,0.03411008664266506,0.00634624272012002
A,clean,unseen_families,mild,5,0.8472965005165729,0.0032853038490919997,0.6232873258702153,0.005099536651750845,0.0010672464092147172,0.0005379112065224971,0.00472581364483593,0.001876023888727353
A,clean,unseen_families,moderate,5,0.844842758121567,0.0035376194044517617,0.6130512971831361,0.005561875435003915,0.003520988804220737,0.00038179503662837935,0.01496184233191511,0.0038786871028175197
A,clean,unseen_families,severe,5,0.8423871856321131,0.003830535317543228,0.5961238197253114,0.010365077918498557,0.0059765612936745205,0.000531580971222477,0.031889319789739926,0.008235270265585844
A,clean,unseen_families,all,5,0.8448421480900844,0.0035405240385868015,0.6108208142595541,0.006845974716920892,0.0035215988357033103,0.00033796074620989834,0.01719232525549701,0.004568402070032961
A,clean,mixed,mild,5,0.8458168539126202,0.00311566040814431,0.6246459184470788,0.004900895984776014,0.0025468930131675727,0.0008768416827771394,0.0033672210679722924,0.001707479331264451
A,clean,mixed,moderate,5,0.8376417291877416,0.0035624478486160766,0.6099335485168149,0.005871857766372889,0.010722017738046107,0.002149238566789664,0.018079590998236326,0.00440384874595024
A,clean,mixed,severe,5,0.8250587183394569,0.0036536336390613363,0.5630445424822315,0.01210232354695845,0.02330502858633099,0.005220313233514876,0.06496859703281972,0.010747232845015232
A,clean,mixed,all,5,0.836172433813273,0.0026008122286826476,0.5992080031487084,0.005815335067337068,0.012191313112514868,0.002393394210096482,0.02880513636634281,0.0033814700347484824
A,clean,all_corrupted,mild,5,0.8468087679997363,0.0032545712803135327,0.6242825719581027,0.004546365331398534,0.001554978926051498,0.0005582026185667595,0.0037305675569485166,0.0014361122798272384
A,clean,all_corrupted,moderate,5,0.8414635467130227,0.003320373538949822,0.6121953472063894,0.004916889955665034,0.006900200212765118,0.0014065098904995027,0.015817792308661916,0.0025440781710376246
A,clean,all_corrupted,severe,5,0.8316777008867156,0.002153275607356672,0.5656856343573826,0.008329314668469468,0.0166860460390722,0.0034954196746723276,0.062327505157668515,0.007663186177822145
A,clean,all_corrupted,all,5,0.8399833385331581,0.0025910953865923127,0.6007211845072915,0.004774027126781006,0.008380408392629657,0.0016728652413107068,0.027291955007759695,0.002671482249567512
C,aug,clean,none,5,0.8477555593408759,0.0008060565976141474,0.6283371194056528,0.0020323156372834576,0.0,0.0,0.0,0.0
C,aug,seen_families,mild,5,0.8476712730584886,0.0008586749089801887,0.6279674896033829,0.0026729338087199436,8.42862823872803e-05,0.00012681500342875916,0.00036962980226997735,0.0010705152292100088
C,aug,seen_families,moderate,5,0.8470342877761178,0.0009289806621429823,0.6265107373243043,0.0034431130171302207,0.0007212715647581414,0.0003003007651875389,0.0018263820813485098,0.002669299761140591
C,aug,seen_families,severe,5,0.845191924806094,0.0012491927876847983,0.6235862255530168,0.003946897035077552,0.0025636345347820333,0.0008206387638873773,0.004750893852636074,0.003952372093750878
C,aug,seen_families,all,5,0.8466324952135669,0.0009706749675228216,0.6260214841602346,0.003091260523879797,0.0011230641273091146,0.0003853699358781149,0.002315635245418157,0.0024482977431755535
C,aug,unseen_families,mild,5,0.8466292348691511,0.0006004638132875505,0.6246637937437962,0.002300652743087192,0.0011263244717248711,0.0004835875723087488,0.003673325661856697,0.0025138846788065553
C,aug,unseen_families,moderate,5,0.8443474542604484,0.0011414654416353155,0.6178362979580283,0.002695685043118463,0.003408105080427504,0.0010362135377748726,0.010500821447624565,0.00404118735202093
C,aug,unseen_families,severe,5,0.8421170701479352,0.0016773931948896423,0.6078538049106536,0.0036192988021287458,0.005638489192940632,0.0015173171812053433,0.020483314494999228,0.005315234573723336
C,aug,unseen_families,all,5,0.844364586425845,0.0010368656226664697,0.6167846322041594,0.0024927975488369418,0.0033909729150309875,0.0008865607230501044,0.011552487201493489,0.003824726748827103
C,aug,mixed,mild,5,0.8471389066972884,0.0007315495371169902,0.626608861854866,0.0027502660567250282,0.0006166526435875452,0.00031404056292546787,0.0017282575507868935,0.002315230517408411
C,aug,mixed,moderate,5,0.8443792661975562,0.0008512564261947213,0.6227303526451757,0.0021691359911720784,0.00337629314331962,0.0008150183216295542,0.005606766760477067,0.0025619190189329045
C,aug,mixed,severe,5,0.8399084529569381,0.0016088929506095117,0.6168606417152132,0.003984027974499916,0.007847106383937884,0.0014158660446520455,0.011476477690439624,0.0053617981731883205
C,aug,mixed,all,5,0.8438088752839276,0.0009473852123333119,0.6220666187384183,0.002199550001146919,0.0039466840569482905,0.000732991692286116,0.006270500667234513,0.0030025027587209873
C,aug,all_corrupted,mild,5,0.8472056233595537,0.0007185105951001127,0.626564340372739,0.002301702014027962,0.0005499359813220695,0.00023761991299235476,0.001772779032913796,0.0015761661512541955
C,aug,all_corrupted,moderate,5,0.8455486718089922,0.0008635425627428617,0.6227791720512948,0.0023696002069820816,0.0022068875318837834,0.0005589348880715749,0.005557947354357995,0.0026357704006146304
C,aug,all_corrupted,severe,5,0.8429928683980064,0.0013551844129065112,0.6168475111527171,0.0029548358043018515,0.004762690942869563,0.0010686791084188504,0.011489608252935723,0.004081972198744901
C,aug,all_corrupted,all,5,0.845249054522184,0.0009025498340792636,0.6220636745255838,0.002220023113334131,0.002506504818691835,0.0005342430944772464,0.006273444880069113,0.0026605574798627984
C,clean,clean,none,5,0.8481407712659961,0.0003378991673889108,0.6267229323840301,0.0032225846351707525,0.0,0.0,0.0,0.0
C,clean,seen_families,mild,5,0.8467582520873694,0.0006236868946912785,0.6238222790837188,0.003714338450054149,0.0013825191786265955,0.0006109744281118582,0.0029006533003112845,0.0013714790814646184
C,clean,seen_families,moderate,5,0.8406458586188675,0.0022655282021920298,0.610296711184281,0.009933781052238374,0.007494912647128515,0.0023179435666134778,0.016426221199749125,0.008692820326426117
C,clean,seen_families,severe,5,0.8271585247875949,0.007109742176696726,0.5484572327846802,0.02881112614780815,0.020982246478401124,0.007108640793575935,0.07826569959934981,0.028488082736888826
C,clean,seen_families,all,5,0.8381875451646106,0.0033108565626975917,0.5941920743508933,0.013256875477235218,0.00995322610138536,0.003321355265627699,0.03253085803313675,0.012565745426339708
C,clean,unseen_families,mild,5,0.8471102232243837,0.0005811138972641438,0.6250532246544587,0.0036622543112762697,0.0010305480416123558,0.0004169312353260608,0.0016697077295714014,0.00258546981637751
C,clean,unseen_families,moderate,5,0.8445541139474203,0.0007957187924571617,0.6162460842280695,0.003101025569485628,0.003586657318575748,0.0006884822381057017,0.010476848155960571,0.004108682833799456
C,clean,unseen_families,severe,5,0.8419255942333559,0.0013059158825925715,0.5966610182914036,0.005912032516458333,0.006215177032640207,0.0012976795529859595,0.030061914092626485,0.004882782091805541
C,clean,unseen_families,all,5,0.8445299771350532,0.0007353406744651,0.6126534423913106,0.0031884990634951987,0.0036107941309427628,0.0006526130403521916,0.014069489992719508,0.002577238437502309
C,clean,mixed,mild,5,0.844432380411701,0.0012004926760745295,0.6230327880239779,0.0038245430330303056,0.003708390854295085,0.0009238376382148579,0.0036901443600522387,0.0014261293702506745
C,clean,mixed,moderate,5,0.8363619779833164,0.0023224014678049285,0.6116086604880604,0.009445332715557989,0.011778793282679723,0.002454876394506375,0.015114271895969722,0.008821614393745703
C,clean,mixed,severe,5,0.8213825918896825,0.006569913561415574,0.5617736291398825,0.0335918365940233,0.026758179376313574,0.0065085504703829445,0.06494930324414756,0.03418021774641497
C,clean,mixed,all,5,0.8340589834282331,0.0030011419801835443,0.5988050258839734,0.014220219601402389,0.014081787837762838,0.0029587828256354464,0.027917906500056544,0.014405242355275207
C,clean,all_corrupted,mild,5,0.8463587154273368,0.0006150314355841707,0.6240571518162452,0.0034846311958788424,0.0017820558386592912,0.00043135344501500655,0.002665780567784837,0.0013438561377287776
C,clean,all_corrupted,moderate,5,0.8409966369204849,0.0015886472335733424,0.6125713798219392,0.0073429349773436545,0.007144134345511222,0.001648684152852718,0.014151552562090886,0.006598119341612951
C,clean,all_corrupted,severe,5,0.8307973406255347,0.004751804191398243,0.5674843604769663,0.021511647164879168,0.0173434306404614,0.004731510751735137,0.05923857190706376,0.02144019600474941
C,clean,all_corrupted,all,5,0.8393842309911188,0.002228356660263249,0.6013709640383835,0.009835801418561715,0.008756540274877267,0.0022140786396234718,0.025351968345646524,0.009424078896179553
E,aug,clean,none,5,0.8496078993873833,0.0022857100716615897,0.6288731815431496,0.004695719837751237,0.0,0.0,0.0,0.0
E,aug,seen_families,mild,5,0.8495046596708257,0.002346167882511026,0.6283093956118405,0.004230899074814381,0.00010323971655756825,0.00013522547482803704,0.0005637859313091908,0.0009625573988409347
E,aug,seen_families,moderate,5,0.8488951497389172,0.002320066855223843,0.626931625554489,0.0037551223454412885,0.0007127496484660822,0.0003408491022677602,0.0019415559886607036,0.0018131352686823708
E,aug,seen_families,severe,5,0.846971969439658,0.0023326680596046415,0.623121875685038,0.005293185656288943,0.0026359299477251687,0.0008843572695310813,0.005751305858111744,0.002364439565323343
E,aug,seen_families,all,5,0.848457259616467,0.0023052746872868216,0.6261209656171225,0.004336870441010071,0.0011506397709163396,0.0004206628695023836,0.0027522159260271904,0.0014388214124240876
E,aug,unseen_families,mild,5,0.84837420087125,0.002147199560633232,0.6256058185163029,0.004149254053478873,0.0012336985161332636,0.00035974642062324634,0.0032673630268468036,0.0021003649846966874
E,aug,unseen_families,moderate,5,0.8459115695521223,0.0022355194205810644,0.6179817284588003,0.004328295665787669,0.003696329835260981,0.000550014297837042,0.010891453084349445,0.0038727707856949537
E,aug,unseen_families,severe,5,0.8434908387072715,0.0026544437463225054,0.6035158112182557,0.008165647418176294,0.006117060680111752,0.0012538258272762706,0.025357370324893935,0.008357216827405634
E,aug,unseen_families,all,5,0.8459255363768813,0.0022762448810823253,0.6157011193977864,0.0049102418732166996,0.0036823630105020434,0.0005458327157388827,0.013172062145363372,0.004433062717033602
E,aug,mixed,mild,5,0.8487821364633346,0.0021088114731264585,0.6269850779093622,0.0035955419308588603,0.0008257629240487451,0.0002932269951679275,0.0018881036337875302,0.0022079386356603486
E,aug,mixed,moderate,5,0.8459585910433944,0.0019122051395496582,0.6224420067794723,0.002828774021371113,0.0036493083439888218,0.0007674520030232942,0.006431174763677517,0.0037004926280563353
E,aug,mixed,severe,5,0.8414064044359184,0.002487300478010277,0.6132829663531703,0.005772311024029203,0.008201494951464893,0.0013564030587187032,0.015590215189979495,0.0027831932609892413
E,aug,mixed,all,5,0.8453823773142158,0.0021047316252791027,0.6209033503473349,0.003648641930265539,0.004225522073167487,0.0007104462343887284,0.007969831195814802,0.0020002590202567875
E,aug,all_corrupted,mild,5,0.8489672793581914,0.0022224026889286546,0.6271139104238884,0.003958540856372014,0.0006406200291919406,0.00019477601814272126,0.0017592711192613518,0.0014381417235730112
E,aug,all_corrupted,moderate,5,0.8472480544109805,0.002172618274208684,0.6229506334614779,0.003169569415124936,0.0023598449764027805,0.00036455714177953776,0.005922548081671808,0.0022934106625938067
E,aug,all_corrupted,severe,5,0.8445748003058092,0.0023953473134424143,0.6144000965668066,0.004562451879746824,0.005033099081574033,0.0009360996368786837,0.014473084976343076,0.002494076338184515
E,aug,all_corrupted,all,5,0.8469300446916603,0.0022252629150381694,0.6214882134840577,0.003717858082291031,0.0026778546957229254,0.00041047721453779407,0.007384968059092034,0.0016816285639594804
E,clean,clean,none,5,0.8501539240174589,0.0014765333177720772,0.6311118933132098,0.0032683006127677094,0.0,0.0,0.0,0.0
E,clean,seen_families,mild,5,0.8483578569689367,0.002188504665353699,0.6261320433882229,0.00361830293732634,0.0017960670485220654,0.000982652684566417,0.004979849924986924,0.0010979306040481112
E,clean,seen_families,moderate,5,0.8415880624418104,0.0030519429443942483,0.6057347227329626,0.009970686712019722,0.00856586157564847,0.002010916933586169,0.02537717058024731,0.008983851556490029
E,clean,seen_families,severe,5,0.8281784708923075,0.004092782592934578,0.5390534143092125,0.02524365947557567,0.021975453125151347,0.003939242062378831,0.09205847900399737,0.023602917079963474
E,clean,seen_families,all,5,0.8393747967676848,0.002852220201219854,0.5903067268101326,0.012358702770139863,0.010779127249773968,0.0021662351140387015,0.040805166503077216,0.010762222264192494
E,clean,unseen_families,mild,5,0.849312673436941,0.0015661097325783218,0.6278444354795003,0.001391814582441403,0.0008412505805178272,0.00020008326743066012,0.0032674578337095863,0.0027384035985995848
E,clean,unseen_families,moderate,5,0.8467725375217633,0.0019961924635533996,0.6169651298156011,0.0037576542632797374,0.0033813864956955043,0.000772500422946772,0.014146763497608794,0.004600946966188048
E,clean,unseen_families,severe,5,0.8435896834782349,0.0024092901984986686,0.5955635636807914,0.017544824599905137,0.006564240539223909,0.0013018989260143725,0.03554832963241843,0.016527844405854433
E,clean,unseen_families,all,5,0.8465582981456464,0.0019661973269881347,0.613457709658631,0.006939204841773742,0.003595625871812369,0.0007499696683369946,0.017654183654578916,0.00638792913317099
E,clean,mixed,mild,5,0.8468325058700996,0.002492702767864426,0.6259962114889772,0.004291355485891747,0.0033214181473592676,0.0013859464366557204,0.005115681824232676,0.0014967946786755807
E,clean,mixed,moderate,5,0.8372132685114654,0.0050809657784244115,0.6069134862795924,0.009922882368720009,0.012940655505993548,0.0036794209448709715,0.02419840703361744,0.008247882852484895
E,clean,mixed,severe,5,0.8185009212568648,0.008129537223860613,0.5579508221307716,0.027528989571181342,0.03165300276059402,0.00784437170685919,0.07316107118243828,0.025738606419091942
E,clean,mixed,all,5,0.8341822318794765,0.004426344905013991,0.5969535066331138,0.013370833340320546,0.015971692137982284,0.003542672500625417,0.034158386680096145,0.011465263271861257
E,clean,all_corrupted,mild,5,0.8483371622140854,0.0020257796234676422,0.626672655885483,0.002745862684064928,0.0018167618033734013,0.0008037982050213638,0.00443923742772685,0.0007184584497569317
E,clean,all_corrupted,moderate,5,0.8423440443728291,0.0030541362796398714,0.6097401392153154,0.007216093556445302,0.007809879644629714,0.0017684653923383112,0.02137175409789451,0.006272534782838452
E,clean,all_corrupted,severe,5,0.8311649751686293,0.003705575827032642,0.5620895547267519,0.020638729076388283,0.018988948848829467,0.003286488048600471,0.06902233858645794,0.01891014760920633
E,clean,all_corrupted,all,5,0.8406153939185147,0.002704390348086176,0.5995007832758501,0.009718179853561148,0.009538530098944165,0.0017656842723614641,0.031611110037359814,0.00806669512590166
