variant,regime,seed,group,severity,macro_auroc,macro_f1,drop_auroc,drop_f1
A,aug,0,clean,none,0.8514977504293764,0.6321123585547876,0.0,0.0
A,aug,0,seen_families,mild,0.851495895271872,0.6317675889893714,1.8551575043934676e-06,0.0003447695654162919
A,aug,0,seen_families,moderate,0.8510678804284508,0.6311916354223572,0.0004298700009255363,0.0009207231324304122
A,aug,0,seen_families,severe,0.8492733490427227,0.6263831293074666,0.002224401386653696,0.005729229247320999
A,aug,0,seen_families,all,0.8506123749143487,0.6297807845730651,0.0008853755150276532,0.002331573981722568
A,aug,0,unseen_families,mild,0.8502591857120594,0.6317447584272761,0.0012385647173169811,0.00036760012751158033
A,aug,0,unseen_families,moderate,0.8482565462202905,0.626750928422874,0.0032412042090859128,0.0053614301319135915
A,aug,0,unseen_families,severe,0.8463450729362689,0.6168828707362192,0.005152677493107438,0.015229487818568477
A,aug,0,unseen_families,all,0.8482869349562063,0.6251261858621231,0.0032108154731700367,0.0069861726926645495
A,aug,0,mixed,mild,0.8506051378331018,0.6303627495050089,0.0008926125962746001,0.001749609049778722
A,aug,0,mixed,moderate,0.847741401510858,0.626856757137727,0.003756348918518393,0.005255601417060607
A,aug,0,mixed,severe,0.8441376638757375,0.6210061266050606,0.007360086553638845,0.011106231949727041
A,aug,0,mixed,all,0.8474947344065656,0.6260752110825988,0.004003016022810724,0.006037147472188864
A,aug,0,all_corrupted,mild,0.85088571265443,0.6314477922499258,0.000612037774946339,0.0006645663048618911
A,aug,0,all_corrupted,moderate,0.8493915514884879,0.6287480934703895,0.002106198940888482,0.0033642650843981325
A,aug,0,all_corrupted,severe,0.847155993636797,0.6220214869609605,0.004341756792579421,0.010090871593827155
A,aug,0,all_corrupted,all,0.8491444192599049,0.6274057908937585,0.002353331169471451,0.004706567661029171
A,aug,1,clean,none,0.8495615415199215,0.6287918794839533,0.0,0.0
A,aug,1,seen_families,mild,0.8495160534133326,0.6278367960008308,4.54881065888868e-05,0.0009550834831225652
A,aug,1,seen_families,moderate,0.8489480324939362,0.6247115567501761,0.000613509025985226,0.004080322733777231
A,aug,1,seen_families,severe,0.8472897783811544,0.6203696766532646,0.002271763138767091,0.00842220283068873
A,aug,1,seen_families,all,0.8485846214294744,0.6243060098014238,0.000976920090447031,0.004485869682529509
A,aug,1,unseen_families,mild,0.8481467192262081,0.623693880868754,0.0014148222937133692,0.005097998615199328
A,aug,1,unseen_families,moderate,0.845503430911147,0.6171598185643444,0.004058110608774479,0.011632060919608889
A,aug,1,unseen_families,severe,0.8431457005923703,0.6110056121561681,0.0064158409275512085,0.01778626732778521
A,aug,1,unseen_families,all,0.8455986169099085,0.6172864371964221,0.003962924610013019,0.011505442287531253
A,aug,1,mixed,mild,0.848411708638212,0.6236057822933032,0.001149832881709445,0.0051860971906501074
A,aug,1,mixed,moderate,0.8454681485274105,0.6208644223418561,0.004093392992510991,0.007927457142097194
A,aug,1,mixed,severe,0.8411469657607613,0.6136063913537622,0.008414575759160159,0.01518548813019116
A,aug,1,mixed,all,0.8450089409754612,0.6193588653296405,0.004552600544460272,0.009433014154312858
A,aug,1,all_corrupted,mild,0.8488141987342642,0.6255155990217991,0.0007473427856572457,0.003276280462154224
A,aug,1,all_corrupted,moderate,0.847026524418223,0.6213393919308278,0.0025350171016984557,0.007452487553125553
A,aug,1,all_corrupted,severe,0.8445433496470279,0.6157453695321207,0.00501819187289354,0.013046509951832652
A,aug,1,all_corrupted,all,0.8467946909331716,0.6208667868282491,0.0027668505867498583,0.00792509265570418
A,aug,2,clean,none,0.8486170874951247,0.6312371715233109,0.0,0.0
A,aug,2,seen_families,mild,0.8484512965277492,0.6300428237162252,0.0001657909673754565,0.001194347807085716
A,aug,2,seen_families,moderate,0.8477640848971628,0.6285171947082346,0.0008530025979618383,0.002719976815076297
A,aug,2,seen_families,severe,0.8460143723966118,0.6275736012846408,0.0026027150985128422,0.003663570238670144
A,aug,2,seen_families,all,0.847409917940508,0.6287112065697003,0.0012071695546166383,0.002525964953610682
A,aug,2,unseen_families,mild,0.8473426853207453,0.630333039590994,0.001274402174379352,0.0009041319323169761
A,aug,2,unseen_families,moderate,0.8448761931959554,0.62181899859769,0.0037408942991692395,0.009418172925620971
A,aug,2,unseen_families,severe,0.8426249288976545,0.6079258840104106,0.005992158597470154,0.023311287512900347
A,aug,2,unseen_families,all,0.8449479358047851,0.620025974066365,0.003669151690339545,0.011211197456945987
A,aug,2,mixed,mild,0.8473487544897815,0.6286662570890194,0.0012683330053431252,0.0025709144342915824
A,aug,2,mixed,moderate,0.8441415159252693,0.6218296883988133,0.004475571569855341,0.009407483124497684
A,aug,2,mixed,severe,0.8398635953674611,0.6151892461342825,0.00875349212766352,0.01604792538902844
A,aug,2,mixed,all,0.843784621927504,0.6218950638740384,0.004832465567620625,0.009342107649272569
A,aug,2,all_corrupted,mild,0.8478367501169772,0.6298336586462134,0.0007803373781474221,0.0014035128770975014
A,aug,2,all_corrupted,moderate,0.8459964390030064,0.6247983501581817,0.0026206484921182938,0.006438821365129188
A,aug,2,all_corrupted,severe,0.8435177185571481,0.618272283270929,0.005099368937976578,0.012964888252381956
A,aug,2,all_corrupted,all,0.8457836358923772,0.6243014306917748,0.0028334516027475054,0.006935740831536141
A,aug,3,clean,none,0.8483832223775242,0.6285686896937974,0.0,0.0
A,aug,3,seen_families,mild,0.8483206039269374,0.6286092119782897,6.261845058674886e-05,-4.052228449225037e-05
A,aug,3,seen_families,moderate,0.8479169412337252,0.6272788877196847,0.00046628114379898555,0.0012898019741127698
A,aug,3,seen_families,severe,0.8467398342703142,0.6256237468883448,0.0016433881072099865,0.002944942805452655
A,aug,3,seen_families,all,0.8476591264769923,0.6271706155287731,0.000724095900531907,0.0013980741650243544
A,aug,3,unseen_families,mild,0.8469259107539596,0.6239478229203458,0.00145731162356455,0.004620866773451637
A,aug,3,unseen_families,moderate,0.844639967255386,0.6157622611088975,0.003743255122138134,0.012806428584899887
A,aug,3,unseen_families,severe,0.8427699973993431,0.600618160984517,0.005613224978181064,0.027950528709280387
A,aug,3,unseen_families,all,0.8447786251362296,0.6134427483379201,0.0036045972412945826,0.015125941355877304
A,aug,3,mixed,mild,0.8472835011282815,0.6285820646130315,0.0010997212492426245,-1.3374919234032667e-05
A,aug,3,mixed,moderate,0.8446156614545988,0.6222644421511995,0.003767560922925406,0.006304247542597952
A,aug,3,mixed,severe,0.8403864290937854,0.6120322552239236,0.007996793283738812,0.01653643446987385
A,aug,3,mixed,all,0.8440951972255553,0.6209595873293848,0.0042880251519689105,0.00760910236441259
A,aug,3,all_corrupted,mild,0.8476252389140213,0.6270493828778066,0.0007579834635028648,0.001519306815990773
A,aug,3,all_corrupted,moderate,0.8460909988455841,0.6223256909453144,0.0022922235319400297,0.006242998748482997
A,aug,3,all_corrupted,severe,0.8440046874963174,0.6142682201060864,0.004378534881206764,0.014300469587711029
A,aug,3,all_corrupted,all,0.8459069750853077,0.6212144313097357,0.0024762472922165157,0.007354258384061674
A,aug,4,clean,none,0.8501230941845282,0.6311425188559288,0.0,0.0
A,aug,4,seen_families,mild,0.8502229929531036,0.6307151262059723,-9.989876857530167e-05,0.00042739264995650394
A,aug,4,seen_families,moderate,0.8500480406074564,0.6291159177453671,7.505357707182636e-05,0.002026601110561632
A,aug,4,seen_families,severe,0.8486773167078605,0.6252126382819722,0.0014457774766677423,0.005929880573956603
A,aug,4,seen_families,all,0.8496494500894735,0.6283478940777705,0.00047364409505479266,0.0027946247781582834
A,aug,4,unseen_families,mild,0.8482671608006965,0.6260202097658564,0.0018559333838317205,0.0051223090900723856
A,aug,4,unseen_families,moderate,0.8450842107259167,0.6121481745493688,0.005038883458611587,0.018994344306559996
A,aug,4,unseen_families,severe,0.8425449850617044,0.5879291069556375,0.007578109122823862,0.043213411900291265
A,aug,4,unseen_families,all,0.845298785529439,0.6086991637569542,0.0048243086550892045,0.02244335509897455
A,aug,4,mixed,mild,0.8487295371379503,0.6267907514721509,0.0013935570465779534,0.004351767383777849
A,aug,4,mixed,moderate,0.8455541677221321,0.6178763853053063,0.00456892646239615,0.01326613355062245
A,aug,4,mixed,severe,0.8419693368321597,0.6105452984742943,0.008153757352368562,0.020597220381634473
A,aug,4,mixed,all,0.8454176805640806,0.6184041450839172,0.004705413620447629,0.01273837377201159
A,aug,4,all_corrupted,mild,0.8492391698322671,0.6282780707850845,0.0008839243522611451,0.0028644480708442943
A,aug,4,all_corrupted,moderate,0.8473947922279822,0.620962329471132,0.002728301956546053,0.010180189384796812
A,aug,4,all_corrupted,severe,0.8451425439645416,0.6095253856603766,0.004980550219986668,0.02161713319555214
A,aug,4,all_corrupted,all,0.847258835341597,0.619588595305531,0.0028642588429312887,0.011553923550397749
A,clean,0,clean,none,0.8532538103947374,0.6294731633818069,0.0,0.0
A,clean,0,seen_families,mild,0.852294274572558,0.6292334747485964,0.000959535822179336,0.00023968863321055522
A,clean,0,seen_families,moderate,0.8453307118960571,0.6130136165845377,0.007923098498680226,0.016459546797269242
A,clean,0,seen_families,severe,0.8251995467690735,0.5390524784903559,0.028054263625663878,0.09042068489145105
A,clean,0,seen_families,all,0.8409415110792295,0.5937665232744966,0.012312299315507813,0.035706640107310283
A,clean,0,unseen_families,mild,0.8520783647323912,0.6266723483043825,0.001175445662346175,0.0028008150774244678
A,clean,0,unseen_families,moderate,0.849964184626706,0.6196317934406357,0.003289625768031379,0.00984136994117124
A,clean,0,unseen_families,severe,0.8481805821349268,0.6073498477813514,0.005073228259810603,0.02212331560045555
A,clean,0,unseen_families,all,0.8500743771646747,0.6178846631754564,0.003179433230062645,0.011588500206350494
A,clean,0,mixed,mild,0.8508738116127513,0.6284859357262849,0.0023799987819860258,0.0009872276555220605
A,clean,0,mixed,moderate,0.84280698960435,0.6142179993475163,0.01044682079038739,0.015255164034290614
A,clean,0,mixed,severe,0.8226980034724863,0.5489793683133019,0.030555806922251016,0.08049379506850507
A,clean,0,mixed,all,0.8387929348965293,0.597227767795701,0.01446087549820807,0.03224539558610595
A,clean,0,all_corrupted,mild,0.8519066461903232,0.6282136461511225,0.001347164204414164,0.0012595172306844038
A,clean,0,all_corrupted,moderate,0.8463143756303385,0.6154873161505656,0.006939434764398844,0.0139858472312413
A,clean,0,all_corrupted,severe,0.832303993380672,0.5640242437702313,0.020949817014065397,0.06544891961157562
A,clean,0,all_corrupted,all,0.8435083384004445,0.6025750686906397,0.009745471994292876,0.026898094691167218
A,clean,1,clean,none,0.850262849933841,0.6294605524916383,0.0,0.0
A,clean,1,seen_families,mild,0.8478299623389288,0.6231787948546641,0.0024328875949122253,0.00628175763697425
A,clean,1,seen_families,moderate,0.8407158886493068,0.6061767207181322,0.00954696128453425,0.023283831773506125
A,clean,1,seen_families,severe,0.8239677192478512,0.5328713771816493,0.026295130685989876,0.096589175309989
A,clean,1,seen_families,all,0.837504523412029,0.5874089642514819,0.01275832652181208,0.04205158824015642
A,clean,1,unseen_families,mild,0.8488605504909579,0.6267624808009232,0.0014022994428831703,0.0026980716907151203
A,clean,1,unseen_families,moderate,0.8467625507648475,0.6171852897558475,0.003500299168993526,0.012275262735790826
A,clean,1,unseen_families,severe,0.8442979595948682,0.6053446910465254,0.00596489033897285,0.024115861445112907
A,clean,1,unseen_families,all,0.8466403536168913,0.6164308205344321,0.003622496316949775,0.013029731957206248
A,clean,1,mixed,mild,0.8462704164573187,0.6261485963448922,0.003992433476522339,0.0033119561467461756
A,clean,1,mixed,moderate,0.8368112308426148,0.6041073036292302,0.013451619091226275,0.025353248862408195
A,clean,1,mixed,severe,0.8257812112410347,0.5641772412825845,0.024481638692806396,0.06528331120905384
A,clean,1,mixed,all,0.836287619513656,0.5981443804189023,0.013975230420185003,0.03131617207273607
A,clean,1,all_corrupted,mild,0.8478269259714697,0.6250333127234678,0.0024359239623713558,0.004427239768170499
A,clean,1,all_corrupted,moderate,0.841863740953,0.6093863732665036,0.008399108980841063,0.02007417922513477
A,clean,1,all_corrupted,severe,0.8311474642508976,0.5639860071590381,0.019115385682943464,0.06547454533260022
A,clean,1,all_corrupted,all,0.8402793770584557,0.5994685643830032,0.009983472875385369,0.029991988108635126
A,clean,2,clean,none,0.8468051106924557,0.6307311388117016,0.0,0.0
A,clean,2,seen_families,mild,0.8452329406788524,0.6283573306148402,0.0015721700136033245,0.0023738081968613933
A,clean,2,seen_families,moderate,0.8405655221518908,0.620918496385759,0.006239588540564833,0.009812642425942597
A,clean,2,seen_families,severe,0.8292356938028658,0.5348777690210137,0.017569416889589906,0.09585336979068793
A,clean,2,seen_families,all,0.8383447188778695,0.5947178653405377,0.008460391814586132,0.0360132734711639
A,clean,2,unseen_families,mild,0.8466755821243707,0.6245224081499244,0.00012952856808501334,0.006208730661777184
A,clean,2,unseen_families,moderate,0.8437336512411076,0.6114397814570992,0.003071459451348124,0.019291357354602412
A,clean,2,unseen_families,severe,0.8404621110671308,0.5911716981004023,0.006342999625324919,0.039559440711299354
A,clean,2,unseen_families,all,0.8436237814775362,0.6090446292358087,0.003181329214919426,0.02168650957589291
A,clean,2,mixed,mild,0.8446453034043835,0.628135073779395,0.002159807288072191,0.0025960650323065826
A,clean,2,mixed,moderate,0.8377945662540096,0.6166768074678397,0.009010544438446066,0.014054331343861914
A,clean,2,mixed,severe,0.8290482606564844,0.5714271842586218,0.017756850035971272,0.059303954553079796
A,clean,2,mixed,all,0.8371627101049591,0.6054130218352856,0.009642400587496547,0.02531811697641606
A,clean,2,all_corrupted,mild,0.8455832350996986,0.6270296327186583,0.0012218755927571046,0.0037015060930433163
A,clean,2,all_corrupted,moderate,0.8410057972043227,0.616816327205557,0.005799313488133007,0.013914811606144606
A,clean,2,all_corrupted,severe,0.832936181080647,0.5617645043225006,0.013868929611808634,0.06896663448920104
A,clean,2,all_corrupted,all,0.8398417377948896,0.6018701547489053,0.0069633728975661,0.028860984062796358
A,clean,3,clean,none,0.8463595125094244,0.6292952110029414,0.0,0.0
A,clean,3,seen_families,mild,0.845767174738066,0.6251940159627143,0.0005923377713584754,0.004101195040227101
A,clean,3,seen_families,moderate,0.8415913080109935,0.6180065625643871,0.004768204498430961,0.01128864843855426
A,clean,3,seen_families,severe,0.8319833123522045,0.5704181859894412,0.014376200157219965,0.05887702501350023
A,clean,3,seen_families,all,0.839780598367088,0.604539588172181,0.006578914142336467,0.024755622830760382
A,clean,3,unseen_families,mild,0.8451712541788473,0.6240456285788526,0.0011882583305771188,0.0052495824240887945
A,clean,3,unseen_families,moderate,0.8426888888226683,0.6116075401261045,0.0036706236867560804,0.01768767087683687
A,clean,3,unseen_families,severe,0.8402299683125474,0.5944642715912909,0.006129544196877057,0.0348309394116505
A,clean,3,unseen_families,all,0.8426967037713543,0.6100391467654159,0.0036628087380701224,0.01925606423752546
A,clean,3,mixed,mild,0.844711549285579,0.6239647191263014,0.0016479632238454167,0.005330491876640031
A,clean,3,mixed,moderate,0.8379768696961476,0.6109806953372212,0.00838264281327683,0.018314515665720177
A,clean,3,mixed,severe,0.8276659395258151,0.5776914767766317,0.018693572983609297,0.051603734226309705
A,clean,3,mixed,all,0.8367847861691806,0.6042122970800513,0.009574726340243811,0.025082913922890082
A,clean,3,all_corrupted,mild,0.8453339511177738,0.6245380430933353,0.0010255613916506645,0.004757167909606119
A,clean,3,all_corrupted,moderate,0.8411539597671417,0.6143122512567005,0.0052055527422827375,0.014982959746240865
A,clean,3,all_corrupted,severe,0.8337727814886766,0.5800498346983223,0.01258673102074781,0.049245376304619115
A,clean,3,all_corrupted,all,0.8400868974578638,0.6063000430161194,0.006272615051560626,0.022995167986821996
A,clean,4,clean,none,0.8451374510984803,0.6211056318871677,0.0,0.0
A,clean,4,seen_families,mild,0.843570275949928,0.6182730502168357,0.0015671751485523133,0.0028325816703320683
A,clean,4,seen_families,moderate,0.8359968038880259,0.6053060240902653,0.009140647210454378,0.01579960779690237
A,clean,4,seen_families,severe,0.8243891208344889,0.543667895662599,0.020748330263991366,0.07743773622456873
A,clean,4,seen_families,all,0.8346520668908143,0.5890823233232334,0.010485384207665982,0.032023308563934316
A,clean,4,unseen_families,mild,0.8436967510562982,0.6144337635169936,0.0014407000421821081,0.006671868370174083
A,clean,4,unseen_families,moderate,0.8410645151525057,0.6053920811359935,0.004072935945974576,0.0157135507511742
A,clean,4,unseen_families,severe,0.8387653070510931,0.5822885901069864,0.006372144047387174,0.038817041780181305
A,clean,4,unseen_families,all,0.8411755244199657,0.6007048115866578,0.003961926678514582,0.020400820300509936
A,clean,4,mixed,mild,0.8425831888030684,0.6164952672585211,0.002554262295411891,0.004610364628646613
A,clean,4,mixed,moderate,0.8328189895415863,0.603684936802267,0.012318461556893978,0.01742069508490074
A,clean,4,mixed,severe,0.8201001768014633,0.5529474417800175,0.025037274297016965,0.06815819010715018
A,clean,4,mixed,all,0.8318341183820394,0.5910425486136018,0.013303332716440908,0.030063083273565883
A,clean,4,all_corrupted,mild,0.8433930816194161,0.6165982251039295,0.0017443694790642006,0.004507406783238244
A,clean,4,all_corrupted,moderate,0.8369798600103103,0.6049744681526197,0.008157591088169935,0.016131163734548037
A,clean,4,all_corrupted,severe,0.8282280842326846,0.5586035818368211,0.016909366865795694,0.06250205005034659
A,clean,4,all_corrupted,all,0.836200341954137,0.59339209169779,0.008937109144343314,0.027713540189377772
C,aug,0,clean,none,0.8486359108419682,0.6310636176379267,0.0,0.0
C,aug,0,seen_families,mild,0.8485615394666767,0.6319332321711132,7.437137529153759e-05,-0.000869614533186458
C,aug,0,seen_families,moderate,0.8476816009556012,0.630800032119309,0.0009543098863670219,0.00026358551861771495
C,aug,0,seen_families,severe,0.845115911467106,0.6275583924948065,0.0035199993748622482,0.0035052251431202386
C,aug,0,seen_families,all,0.8471196839631281,0.6300972189284096,0.0015162268788401212,0.0009663987095170912
C,aug,0,unseen_families,mild,0.8473012332013394,0.6275824635521907,0.0013346776406287786,0.0034811540857360157
C,aug,0,unseen_families,moderate,0.8441666019023325,0.6187572502738251,0.004469308939635708,0.012306367364101622
C,aug,0,unseen_families,severe,0.8414287606089476,0.606840377640378,0.007207150233020654,0.024223239997548718
C,aug,0,unseen_families,all,0.8442988652375399,0.6177266971554647,0.004337045604428269,0.013336920482462045
C,aug,0,mixed,mild,0.8478960386814335,0.6289232077468929,0.0007398721605347269,0.002140409891033812
C,aug,0,mixed,moderate,0.8441604310418537,0.6249634416222232,0.004475479800114535,0.006100176015703562
C,aug,0,mixed,severe,0.8389655435856636,0.6173834376191965,0.009670367256304657,0.013680180018730281
C,aug,0,mixed,all,0.843674004436317,0.6237566956627708,0.004961906405651195,0.007306921975155922
C,aug,0,all_corrupted,mild,0.8479935483148435,0.6298140816483123,0.0006423625271246847,0.0012495359896144143
C,aug,0,all_corrupted,moderate,0.8457274524014565,0.6254887513936842,0.0029084584405116853,0.005574866244242527
C,aug,0,all_corrupted,severe,0.8425201127629549,0.6183912864598615,0.0061157980790133015,0.01267233117806521
C,aug,0,all_corrupted,all,0.8454137044930851,0.6245647065006193,0.00322220634888315,0.006498911137307384
C,aug,1,clean,none,0.8473090872733161,0.6275879075824015,0.0,0.0
C,aug,1,seen_families,mild,0.8470100859926655,0.6259773709594253,0.0002990012806506348,0.0016105366229761664
C,aug,1,seen_families,moderate,0.846271444203351,0.6220703193054994,0.0010376430699651218,0.0055175882769020745
C,aug,1,seen_families,severe,0.8446432433692518,0.6199194980637438,0.0026658439040643245,0.0076684095186576595
C,aug,1,seen_families,all,0.845974924521756,0.6226557294428895,0.001334162751560064,0.004932178139511967
C,aug,1,unseen_families,mild,0.846030466564207,0.6215081936904822,0.0012786207091091129,0.006079713891919303
C,aug,1,unseen_families,moderate,0.8443563435451171,0.6159325004970896,0.002952743728198981,0.011655407085311875
C,aug,1,unseen_families,severe,0.8429262956672475,0.6070614961837828,0.004382791606068581,0.02052641139861866
C,aug,1,unseen_families,all,0.8444377019255239,0.6148340634571181,0.002871385347792188,0.012753844125283353
C,aug,1,mixed,mild,0.8464918710231185,0.6227252445538072,0.0008172162501975944,0.004862663028594283
C,aug,1,mixed,moderate,0.8442468202072847,0.6197042609212873,0.00306226706603141,0.007883646661114185
C,aug,1,mixed,severe,0.8405157593195905,0.6143215221968583,0.006793327953725559,0.013266385385543145
C,aug,1,mixed,all,0.8437514835166646,0.6189170092239843,0.003557603756651484,0.008670898358417167
C,aug,1,all_corrupted,mild,0.8465683873010579,0.6237649504463069,0.0007406999722582297,0.0038229571360945958
C,aug,1,all_corrupted,moderate,0.8451831608737028,0.6194985889506489,0.002125926399613287,0.008089318631752551
C,aug,1,all_corrupted,severe,0.8431537087908811,0.6143895028000044,0.004155378482434968,0.013198404782397088
C,aug,1,all_corrupted,all,0.8449684189885472,0.6192176807323201,0.0023406682847688653,0.008370226850081375
C,aug,2,clean,none,0.8466590537733445,0.629515548401067,0.0,0.0
C,aug,2,seen_families,mild,0.8465914490067017,0.6284613471296934,6.760476664280368e-05,0.0010542012713736781
C,aug,2,seen_families,moderate,0.8458563099116085,0.6259939725599635,0.000802743861735955,0.0035215758411035747
C,aug,2,seen_families,severe,0.843488859845742,0.619667232763194,0.003170193927602538,0.009848315637873029
C,aug,2,seen_families,all,0.8453122062546842,0.6247075174842837,0.0013468475186603213,0.00480803091678339
C,aug,2,unseen_families,mild,0.8463576685162181,0.6234177906456783,0.0003013852571264186,0.0060977577553887885
C,aug,2,unseen_families,moderate,0.8437060932369095,0.6150620730145779,0.002952960536435012,0.014453475386489112
C,aug,2,unseen_families,severe,0.8406141491110243,0.6042154128138745,0.006044904662320216,0.025300135587192574
C,aug,2,unseen_families,all,0.843559303621384,0.6142317588247102,0.003099750151960512,0.015283789576356899
C,aug,2,mixed,mild,0.8465083493811115,0.6271597206480632,0.00015070439223296983,0.002355827753003803
C,aug,2,mixed,moderate,0.8438329774441139,0.6213888756023425,0.002826076329230598,0.008126672798724588
C,aug,2,mixed,severe,0.8380588458412166,0.6133233989623487,0.008600207932127901,0.016192149438718384
C,aug,2,mixed,all,0.8428000575554807,0.6206239984042514,0.003858996217863786,0.008891549996815629
C,aug,2,all_corrupted,mild,0.846495055593076,0.6264909113057704,0.00016399818026846535,0.003024637095296656
C,aug,2,all_corrupted,moderate,0.8446899415828212,0.6213266511653637,0.0019691121905233144,0.008188897235703374
C,aug,2,all_corrupted,severe,0.841323953155386,0.6131068852687885,0.005335100617958499,0.01640866313227851
C,aug,2,all_corrupted,all,0.8441696501104277,0.6203081492466409,0.0024894036629168337,0.009207399154426144
C,aug,3,clean,none,0.8484052210573825,0.6277980474554936,0.0,0.0
C,aug,3,seen_families,mild,0.8484061971217769,0.6284057028048153,-9.760643944201064e-07,-0.0006076553493217229
C,aug,3,seen_families,moderate,0.8480178370637793,0.6289440459806868,0.0003873839936031631,-0.0011459985251931482
C,aug,3,seen_families,severe,0.8467591892193167,0.6277596027139918,0.0016460318380657757,3.844474150183075e-05
C,aug,3,seen_families,all,0.8477277411349576,0.6283697838331647,0.0006774799224248396,-0.0005717363776710505
C,aug,3,unseen_families,mild,0.8472473948381506,0.6252577855704705,0.0011578262192318833,0.0025402618850230985
C,aug,3,unseen_families,moderate,0.8462435616448113,0.6174967074868988,0.002161659412571182,0.010301339968594836
C,aug,3,unseen_families,severe,0.8446671363016964,0.6072079805298244,0.003738084755686044,0.020590066925669226
C,aug,3,unseen_families,all,0.846052697594886,0.616654157862398,0.002352523462496481,0.011143889593095646
C,aug,3,mixed,mild,0.8479539851694258,0.6292388163496245,0.00045123588795670244,-0.0014407688941309171
C,aug,3,mixed,moderate,0.8458604929089475,0.624344914953807,0.0025447281484349826,0.003453132501686662
C,aug,3,mixed,severe,0.8422831712900876,0.6158402986084415,0.006122049767294913,0.011957748847052141
C,aug,3,mixed,all,0.8453658831228203,0.6231413433039578,0.003039337934562125,0.004656704151535851
C,aug,3,all_corrupted,mild,0.8479194381489346,0.6275415334033246,0.00048578290844791816,0.0002565140521689768
C,aug,3,all_corrupted,moderate,0.8469470021119385,0.6241062373656731,0.0014582189454439565,0.0036918100898205575
C,aug,3,all_corrupted,severe,0.8450671675958367,0.6182603277402581,0.003338053461545809,0.009537719715235538
C,aug,3,all_corrupted,all,0.8466445359522365,0.6233026995030854,0.0017606851051459316,0.004495347952408246
C,aug,4,clean,none,0.8477685237583683,0.6257204759513753,0.0,0.0
C,aug,4,seen_families,mild,0.8477870937046225,0.625059794951867,-1.8569946254154424e-05,0.000660680999508223
C,aug,4,seen_families,moderate,0.8473442467462489,0.6247453166560629,0.000424277012119445,0.0009751592953123334
C,aug,4,seen_families,severe,0.845952420129053,0.6230264017293476,0.00181610362931528,0.0026940742220276093
C,aug,4,seen_families,all,0.8470279201933081,0.6242771711124259,0.0007406035650602272,0.0014433048389493885
C,aug,4,unseen_families,mild,0.8462094112258401,0.625552735260159,0.0015591125325281618,0.00016774069121627821
C,aug,4,unseen_families,moderate,0.8432646709730717,0.6219329585177499,0.004503852785296636,0.003787517433625376
C,aug,4,unseen_families,severe,0.8409490090507606,0.6139437573854083,0.006819514707607666,0.01177671856596696
C,aug,4,unseen_families,all,0.8434743637498908,0.6204764837211058,0.004294160008477488,0.005243992230269501
C,aug,4,mixed,mild,0.8468442892313526,0.6249973199759418,0.0009242345270157326,0.0007231559754334871
C,aug,4,mixed,moderate,0.8437956093855817,0.6232502701262189,0.0039729143727865734,0.0024702058251563352
C,aug,4,mixed,severe,0.8397189447481319,0.6234345511892211,0.008049579010236396,0.002285924762154168
C,aug,4,mixed,all,0.8434529477883554,0.6238940470971273,0.004315575970012864,0.0018264288542479967
C,aug,4,all_corrupted,mild,0.8470516874398573,0.6252102250599809,0.0007168363185110493,0.0005102508913943371
C,aug,4,all_corrupted,moderate,0.8451958020750416,0.6234756313811043,0.002572721683326673,0.002244844570270965
C,aug,4,all_corrupted,severe,0.8428993996849731,0.620089553494673,0.004869124073395237,0.00563092245670227
C,aug,4,all_corrupted,all,0.8450489630666239,0.6229251366452528,0.0027195606917443937,0.002795339306122413
C,clean,0,clean,none,0.8482215172779763,0.630348188879956,0.0,0.0
C,clean,0,seen_families,mild,0.8458006144173646,0.6277666797623976,0.0024209028606116956,0.0025815091175583893
C,clean,0,seen_families,moderate,0.8371660168931957,0.6108562644109015,0.011055500384780648,0.019491924469054567
C,clean,0,seen_families,severe,0.8155308222593329,0.5269174970526982,0.03269069501864341,0.10343069182725784
C,clean,0,seen_families,all,0.8328324845232977,0.5885134804086657,0.015389032754678622,0.04183470847129034
C,clean,0,unseen_families,mild,0.8471884823008371,0.630944044486226,0.0010330349771392466,-0.0005958556062699571
C,clean,0,unseen_families,moderate,0.8440420577250247,0.6162937212532099,0.004179459552951625,0.014054467626746114
C,clean,0,unseen_families,severe,0.8410153997982599,0.5949437492164897,0.007206117479716445,0.03540443966346629
C,clean,0,unseen_families,all,0.8440819799413739,0.6140605049853085,0.004139537336602439,0.01628768389464752
C,clean,0,mixed,mild,0.8437137949719555,0.6255438044125197,0.004507722306020812,0.004804384467436362
C,clean,0,mixed,moderate,0.8353425009133384,0.6113424100553809,0.012879016364637952,0.019005778824575104
C,clean,0,mixed,severe,0.8157373462716202,0.5270472899234662,0.032484171006356144,0.10330089895648986
C,clean,0,mixed,all,0.8315978807189713,0.5879778347971222,0.016623636559005006,0.04237035408283385
C,clean,0,all_corrupted,mild,0.8457994993906534,0.6283318290370342,0.0024220178873229914,0.002016359842921811
C,clean,0,all_corrupted,moderate,0.8390528047305037,0.6127767823904442,0.009168712547472646,0.01757140648951183
C,clean,0,all_corrupted,severe,0.824071575663928,0.5496217573007994,0.024149941614048376,0.0807264315791566
C,clean,0,all_corrupted,all,0.8363079599283617,0.5969101229094259,0.011913557349614634,0.03343806597053012
C,clean,1,clean,none,0.8476301471452652,0.6224098115934072,0.0,0.0
C,clean,1,seen_families,mild,0.8467250174631786,0.6206585870446437,0.0009051296820865584,0.0017512245487635303
C,clean,1,seen_families,moderate,0.8423283768668695,0.6088141189044116,0.005301770278395734,0.013595692688995631
C,clean,1,seen_families,severe,0.8307083780569168,0.5551604436957378,0.016921769088348415,0.06724936789766944
C,clean,1,seen_families,all,0.839920590795655,0.5948777165482643,0.007709556349610236,0.02753209504514298
C,clean,1,unseen_families,mild,0.8466153770720597,0.6240506263345251,0.0010147700732054954,-0.0016408147411178797
C,clean,1,unseen_families,moderate,0.8445761862634885,0.6186030376913791,0.003053960881776674,0.0038067739020281044
C,clean,1,unseen_families,severe,0.8426788687371971,0.5920964620925387,0.004951278408068083,0.030313349500868503
C,clean,1,unseen_families,all,0.8446234773575818,0.6115833753728144,0.0030066697876833803,0.010826436220592872
C,clean,1,mixed,mild,0.8430879208902731,0.6186451859882256,0.004542226254992121,0.0037646256051816485
C,clean,1,mixed,moderate,0.8396041206123581,0.6121971269998494,0.008026026532907071,0.010212684593557841
C,clean,1,mixed,severe,0.8252096185197151,0.5826824086952833,0.022420528625550107,0.03972740289812393
C,clean,1,mixed,all,0.8359672200074487,0.6045082405611194,0.01166292713781647,0.017901571032287844
C,clean,1,all_corrupted,mild,0.845880226983271,0.6213418443509557,0.0017499201619941562,0.0010679672424515063
C,clean,1,all_corrupted,moderate,0.8424722563869621,0.6128288714101646,0.005157890758303085,0.009580940183242626
C,clean,1,all_corrupted,severe,0.8334765950531877,0.573588442050126,0.01415355209207747,0.0488213695432812
C,clean,1,all_corrupted,all,0.840609692807807,0.6025863859370821,0.007020454337458237,0.01982342565632511
C,clean,2,clean,none,0.8483069975625567,0.6272545525619956,0.0,0.0
C,clean,2,seen_families,mild,0.8469172432969669,0.6241509943918433,0.0013897542655897377,0.0031035581701522874
C,clean,2,seen_families,moderate,0.8403933208326506,0.6174618727926049,0.00791367672990606,0.009792679769390689
C,clean,2,seen_families,severe,0.8282299817093914,0.5632862794668537,0.020077015853165237,0.06396827309514186
C,clean,2,seen_families,all,0.8385135152796698,0.6016330488837673,0.0097934822828869,0.02562150367822824
C,clean,2,unseen_families,mild,0.8479227829786541,0.6232965957634384,0.0003842145839025868,0.0039579567985571495
C,clean,2,unseen_families,moderate,0.8447951250052913,0.6170424963515686,0.003511872557265372,0.010212056210426979
C,clean,2,unseen_families,severe,0.8411047754860776,0.6033510836049056,0.007202222076479026,0.023903468957089946
C,clean,2,unseen_families,all,0.8446075611566743,0.6145633919066376,0.003699436405882328,0.012691160655358025
C,clean,2,mixed,mild,0.8455900756064967,0.6242534426532185,0.002716921956059992,0.003001109908777111
C,clean,2,mixed,moderate,0.8353922222452113,0.6220751107193276,0.012914775317345417,0.005179441842667942
C,clean,2,mixed,severe,0.8219063659604671,0.586339770059033,0.026400631602089608,0.04091478250296254
C,clean,2,mixed,all,0.8342962212707249,0.6108894411438597,0.014010776291831784,0.016365111418135903
C,clean,2,all_corrupted,mild,0.8469574970374248,0.6238889611293473,0.0013495005251318304,0.0033655914326482517
C,clean,2,all_corrupted,moderate,0.8407492336485443,0.6183472446293089,0.007557763914012416,0.008907307932686681
C,clean,2,all_corrupted,severe,0.831116331690748,0.5817642120889107,0.01719066587180873,0.04549034047308487
C,clean,2,all_corrupted,all,0.8396076874589057,0.6080001392825224,0.008699310103650992,0.019254413279473193
C,clean,3,clean,none,0.8485246479184317,0.6289804907435952,0.0,0.0
C,clean,3,seen_families,mild,0.8475392101970511,0.6270685230391204,0.0009854377213805998,0.0019119677044747707
C,clean,3,seen_families,moderate,0.8429795224388719,0.6198521489586071,0.005545125479559876,0.009128341784988114
C,clean,3,seen_families,severe,0.8344495979493305,0.5844577081938586,0.01407504996910125,0.04452278254973663
C,clean,3,seen_families,all,0.8416561101950846,0.6104594600638621,0.006868537723347168,0.018521030679733097
C,clean,3,unseen_families,mild,0.8473371637692341,0.625718155092024,0.0011874841491976706,0.003262335651571191
C,clean,3,unseen_families,moderate,0.8457228476495949,0.61833004070342,0.002801800268836807,0.010650450040175174
C,clean,3,unseen_families,severe,0.8438763217914965,0.6024228023803276,0.0046483261269352205,0.02655768836326755
C,clean,3,unseen_families,all,0.8456454444034418,0.6154903327252571,0.0028792035149899364,0.013490158018338083
C,clean,3,mixed,mild,0.8458044863576859,0.6273134198636998,0.0027201615607458374,0.0016670708798953715
C,clean,3,mixed,moderate,0.8377724391592374,0.6159276125001064,0.01075220875919436,0.013052878243488775
C,clean,3,mixed,severe,0.8299363936593454,0.5896355308767989,0.01858825425908639,0.039344959866796314
C,clean,3,mixed,all,0.8378377730587562,0.610958854413535,0.010686874859675566,0.018021636330060153
C,clean,3,all_corrupted,mild,0.8470863672012532,0.6266728219066615,0.0014382807171785528,0.002307668836933674
C,clean,3,all_corrupted,moderate,0.842736834558083,0.6184726603272113,0.005787813360348726,0.010507830416383923
C,clean,3,all_corrupted,severe,0.8365889049433891,0.5915967001855572,0.01193574297504263,0.03738379055803798
C,clean,3,all_corrupted,all,0.8421373689009085,0.6122473941398099,0.006387279017523229,0.016733096603785302
C,clean,4,clean,none,0.8480205464257503,0.6246216181411963,0.0,0.0
C,clean,4,seen_families,mild,0.8468091750622859,0.6194666111805889,0.0012113713634643863,0.0051550069606074445
C,clean,4,seen_families,moderate,0.84036205606275,0.5944991508548797,0.007658490363000259,0.030122467286316623
C,clean,4,seen_families,severe,0.826873843963003,0.512464235514253,0.021146702462747302,0.1121573826269433
C,clean,4,seen_families,all,0.8380150250293464,0.5754766658499072,0.010005521396403871,0.04914495229128912
C,clean,4,unseen_families,mild,0.8464873100011335,0.6212567015960798,0.0015332364246167796,0.003364916545116503
C,clean,4,unseen_families,moderate,0.843634353093702,0.6109611251407698,0.0043861933320482605,0.013660493000426488
C,clean,4,unseen_families,severe,0.840952605353748,0.5904909941627562,0.0070679410720022595,0.03413062397844013
C,clean,4,unseen_families,all,0.8436914228161946,0.6075696069665353,0.0043291236095557295,0.01705201117466104
C,clean,4,mixed,mild,0.8439656242320936,0.6194080872022256,0.004054922193656663,0.005213530938970701
C,clean,4,mixed,moderate,0.8336986069864365,0.5965010421656374,0.014321939439313813,0.028120575975558948
C,clean,4,mixed,severe,0.8141232350372647,0.5231631461448312,0.03389731138848562,0.10145847199636515
C,clean,4,mixed,all,0.830595822085265,0.5796907585042314,0.017424724340485365,0.04493085963696497
C,clean,4,all_corrupted,mild,0.8460699865240814,0.6200503026572274,0.0019505599016689246,0.004571315483968941
C,clean,4,all_corrupted,moderate,0.8399720552783311,0.600431340352567,0.008048491147419234,0.024190277788629366
C,clean,4,all_corrupted,severe,0.8287332957764205,0.5408506907594381,0.01928725064932979,0.08377092738175818
C,clean,4,all_corrupted,all,0.8382584458596111,0.5871107779230774,0.009762100566139242,0.0375108402181189
E,aug,0,clean,none,0.8511365105835915,0.6350130041110422,0.0,0.0
E,aug,0,seen_families,mild,0.8509324486360882,0.6338525199002403,0.00020406194750333118,0.0011604842108019486
E,aug,0,seen_families,moderate,0.8499584355990008,0.6317258858381593,0.0011780749845907712,0.0032871182728829718
E,aug,0,seen_families,severe,0.8470695953786403,0.6273683535508108,0.004066915204951171,0.007644650560231447
E,aug,0,seen_families,all,0.8493201598712431,0.6309822530964034,0.0018163507123484246,0.004030751014638789
E,aug,0,unseen_families,mild,0.849964213163997,0.6326244261998977,0.0011722974195945701,0.0023885779111445515
E,aug,0,unseen_families,moderate,0.8469796817448471,0.6250259116050275,0.004156828838744464,0.009987092506014705
E,aug,0,unseen_families,severe,0.8441448707969429,0.6123317524712178,0.006991639786648629,0.022681251639824374
E,aug,0,unseen_families,all,0.8470295885685956,0.623327363425381,0.004106922014995962,0.011685640685661247
E,aug,0,mixed,mild,0.8502418675592975,0.6315156880152134,0.000894643024293984,0.0034973160958288174
E,aug,0,mixed,moderate,0.8466530329550288,0.6262718070782278,0.004483477628562715,0.008741197032814396
E,aug,0,mixed,severe,0.8412489763632978,0.6222076910193342,0.009887534220293759,0.01280531309170807
E,aug,0,mixed,all,0.846047958959208,0.6266650620375918,0.005088551624383486,0.008347942073450465
E,aug,0,all_corrupted,mild,0.8504562410172155,0.632923859359009,0.0006802695663760128,0.0020891447520332562
E,aug,0,all_corrupted,moderate,0.8482309837267336,0.6282805435915749,0.002905526856857965,0.006732460519467298
E,aug,0,all_corrupted,severe,0.8448012162924428,0.6212093392950627,0.006335294291148763,0.0138036648159795
E,aug,0,all_corrupted,all,0.847829480345464,0.6274712474152158,0.0033070302381275063,0.007541756695826463
E,aug,1,clean,none,0.8481622994792508,0.628853264577331,0.0,0.0
E,aug,1,seen_families,mild,0.8478940300284249,0.6272987365148792,0.0002682694508259198,0.001554528062451821
E,aug,1,seen_families,moderate,0.8472279880730362,0.6245907220550287,0.000934311406214583,0.004262542522302293
E,aug,1,seen_families,severe,0.8458962583939169,0.6212337707451592,0.002266041085333903,0.007619493832171864
E,aug,1,seen_families,all,0.8470060921651258,0.6243744097716891,0.001156207314125024,0.004478854805641919
E,aug,1,unseen_families,mild,0.8466290235835142,0.6236275868008243,0.0015332758957365966,0.005225677776506732
E,aug,1,unseen_families,moderate,0.8452018842864018,0.6190210758733975,0.002960415192849064,0.009832188703933542
E,aug,1,unseen_families,severe,0.8439319907310274,0.6081111200567281,0.004230308748223388,0.020742144520602968
E,aug,1,unseen_families,all,0.8452542995336477,0.6169199275769833,0.0029079999456030903,0.01193333700034771
E,aug,1,mixed,mild,0.8472247346293365,0.6245465986070615,0.000937564849914363,0.004306665970269519
E,aug,1,mixed,moderate,0.8451955209732311,0.618567026017605,0.002966778506019674,0.010286238559725991
E,aug,1,mixed,severe,0.8414084377264073,0.613141986143011,0.006753861752843537,0.015711278434320075
E,aug,1,mixed,all,0.8446095644429916,0.6187518702558926,0.0035527350362591914,0.010101394321438417
E,aug,1,all_corrupted,mild,0.847323628902546,0.6254634337417904,0.0008386705767048364,0.0033898308355406748
E,aug,1,all_corrupted,moderate,0.8461009607886457,0.6213955742083909,0.0020613386906050968,0.007457690368940173
E,aug,1,all_corrupted,severe,0.8442442090246183,0.6150613794929826,0.003918090454632539,0.013791885084348476
E,aug,1,all_corrupted,all,0.8458895995719368,0.6206401291477213,0.0022726999073140464,0.008213135429609775
E,aug,2,clean,none,0.8473530799988417,0.6218355057477141,0.0,0.0
E,aug,2,seen_families,mild,0.8472836585228226,0.6221208487439817,6.942147601907145e-05,-0.0002853429962675902
E,aug,2,seen_families,moderate,0.8467031351789783,0.6219567214025986,0.0006499448198633573,-0.00012121565488454333
E,aug,2,seen_families,severe,0.8444650253047736,0.614688981091223,0.002888054694068054,0.007146524656491016
E,aug,2,seen_families,all,0.846150606335525,0.6195888504126011,0.0012024736633167166,0.0022466553351129237
E,aug,2,unseen_families,mild,0.8467124963410543,0.6217355981308756,0.000640583657787408,9.990761683842386e-05
E,aug,2,unseen_families,moderate,0.8438530815068269,0.6164411420478985,0.0034999984920147664,0.0053943636998156075
E,aug,2,unseen_families,severe,0.8406545699525597,0.6055283919651687,0.006698510046281969,0.016307113782545346
E,aug,2,unseen_families,all,0.8437400492668137,0.6145683773813143,0.003613030732028011,0.0072671283663997555
E,aug,2,mixed,mild,0.8470407399050683,0.6224256114412604,0.0003123400937733445,-0.0005901056935463389
E,aug,2,mixed,moderate,0.8446148722502789,0.6212748699127908,0.0027382077485628153,0.0005606358349232732
E,aug,2,mixed,severe,0.8396657632155979,0.6077683216686292,0.007687316783243747,0.014067184079084916
E,aug,2,mixed,all,0.8437737917903151,0.6171562676742268,0.0035792882085265987,0.004679238073487246
E,aug,2,all_corrupted,mild,0.8470392892138433,0.6220601569167861,0.0003137907849983801,-0.00022465116907199878
E,aug,2,all_corrupted,moderate,0.8452890588596613,0.6199666723977413,0.002064021139180361,0.0018688333499727872
E,aug,2,all_corrupted,severe,0.8421283708342188,0.6100975270664063,0.0052247091646229205,0.01173797868130777
E,aug,2,all_corrupted,all,0.8448189063025744,0.6173747854603112,0.0025341736962672945,0.004460720287402853
E,aug,3,clean,none,0.8528185252024183,0.6298570855263006,0.0,0.0
E,aug,3,seen_families,mild,0.8528932712219892,0.6288333364311678,-7.474601957091487e-05,0.0010237490951328088
E,aug,3,seen_families,moderate,0.8524034748296223,0.6282639623969462,0.00041505037279598866,0.0015931231293544457
E,aug,3,seen_families,severe,0.8507444092714569,0.6268337197465788,0.0020741159309614066,0.0030233657797218427
E,aug,3,seen_families,all,0.8520137184410227,0.6279770061915643,0.0008048067613956045,0.0018800793347363287
E,aug,3,unseen_families,mild,0.8513388836216315,0.6249029604437624,0.001479641580786839,0.00495412508253823
E,aug,3,unseen_families,moderate,0.8492778666463319,0.6151884554386913,0.003540658556086429,0.014668630087609325
E,aug,3,unseen_families,severe,0.8473615314419902,0.6005407590759477,0.005456993760428075,0.02931632645035287
E,aug,3,unseen_families,all,0.8493260939033178,0.6135440583194671,0.0034924312991004847,0.016313027206833475
E,aug,3,mixed,mild,0.8517642512296952,0.6273801544369071,0.0010542739727230632,0.002476931089393508
E,aug,3,mixed,moderate,0.8489841013135812,0.6233857587671123,0.0038344238888371462,0.006471326759188267
E,aug,3,mixed,severe,0.845508353224285,0.614636132969334,0.0073101719781333285,0.01522095255696665
E,aug,3,mixed,all,0.8487522352558537,0.6218006820577845,0.00406628994656455,0.008056403468516105
E,aug,3,all_corrupted,mild,0.8521242486902492,0.6272002817699747,0.0006942765121691341,0.0026568037563259317
E,aug,3,all_corrupted,moderate,0.8506017446538496,0.6228214148264537,0.0022167805485686642,0.0070356706998468965
E,aug,3,all_corrupted,severe,0.8484532153178186,0.6153588246836474,0.004365309884599711,0.014498260842653155
E,aug,3,all_corrupted,all,0.8503930695539724,0.6217935070933586,0.0024254556484458734,0.008063578432942031
E,aug,4,clean,none,0.8485690816728141,0.6288070477533607,0.0,0.0
E,aug,4,seen_families,mild,0.8485198899448037,0.6294415364689337,4.91917280104337e-05,-0.0006344887155730339
E,aug,4,seen_families,moderate,0.8481827150139484,0.6281208360797124,0.0003863666588657111,0.0006862116736483515
E,aug,4,seen_families,severe,0.8466845588495028,0.6254845532914182,0.0018845228233113076,0.003322494461942549
E,aug,4,seen_families,all,0.8477957212694182,0.6276823086133547,0.0007733604033959285,0.0011247391400059925
E,aug,4,unseen_families,mild,0.8472263876460532,0.6251385210061546,0.0013426940267609044,0.00366852674720608
E,aug,4,unseen_families,moderate,0.8442453335762039,0.6142320573289867,0.0043237480966101804,0.014574990424374046
E,aug,4,unseen_families,severe,0.8413612306138374,0.5910670325222166,0.0072078510589767,0.03774001523114412
E,aug,4,unseen_families,all,0.8442776506120314,0.610145870285786,0.004291431060782669,0.018661177467574674
E,aug,4,mixed,mild,0.8476390889932751,0.6290573370463686,0.0009299926795389712,-0.00025028929300785485
E,aug,4,mixed,moderate,0.8443454277248523,0.6227105721216251,0.0042236539479617585,0.006096475631735654
E,aug,4,mixed,severe,0.839200491650004,0.608660699965543,0.009368590022810097,0.020146347787817764
E,aug,4,mixed,all,0.8437283361227105,0.6201428697111789,0.004840745550103609,0.00866417804218178
E,aug,4,all_corrupted,mild,0.8478929889671027,0.6279218203318818,0.0006760927057113397,0.0008852274214788958
E,aug,4,all_corrupted,moderate,0.8460175240260123,0.6222889622832288,0.0025515576468018164,0.006518085470131885
E,aug,4,all_corrupted,severe,0.8432469900599479,0.6102734122959342,0.005322091612866231,0.01853363545742648
E,aug,4,all_corrupted,all,0.8457191676843542,0.6201613983036817,0.0028499139884599067,0.00864564944967905
E,clean,0,clean,none,0.8485622254953471,0.6262502287096776,0.0,0.0
E,clean,0,seen_families,mild,0.8450141738904381,0.6202492649861662,0.0035480516049090083,0.006000963723511443
E,clean,0,seen_families,moderate,0.8366050817009807,0.5990709219952239,0.01195714379436641,0.027179306714453677
E,clean,0,seen_families,severe,0.8220312887465333,0.5234185041521788,0.026530936748813794,0.10283172455749878
E,clean,0,seen_families,all,0.8345501814459841,0.580912897044523,0.01401204404936296,0.045337331665154634
E,clean,0,unseen_families,mild,0.8473931486955905,0.6272629894233727,0.001169076799756641,-0.001012760713695049
E,clean,0,unseen_families,moderate,0.843940264924561,0.6183534864153373,0.004621960570786121,0.007896742294340342
E,clean,0,unseen_families,severe,0.8400684015488481,0.6012014500067705,0.008493823946499002,0.025048778702907115
E,clean,0,unseen_families,all,0.8438006050563333,0.6156059752818268,0.004761620439013847,0.010644253427850803
E,clean,0,mixed,mild,0.8427992506239781,0.6202415109515561,0.005762974871369009,0.006008717758121507
E,clean,0,mixed,moderate,0.8310745430040956,0.5960545696483597,0.017487682491251544,0.030195659061317937
E,clean,0,mixed,severe,0.8126292900301559,0.5427451108122545,0.03593293546519116,0.0835051178974231
E,clean,0,mixed,all,0.8288343612194099,0.5863470638040568,0.0197278642759372,0.03990316490562085
E,clean,0,all_corrupted,mild,0.8453149603218311,0.6225854500130995,0.003247265173516034,0.003664778696578108
E,clean,0,all_corrupted,moderate,0.8378211341761997,0.6048281429470697,0.010741091319147356,0.021422085762607956
E,clean,0,all_corrupted,severe,0.8259543266325544,0.5536409542503927,0.022607898862792686,0.07260927445928489
E,clean,0,all_corrupted,all,0.8363634737101949,0.5936848490701873,0.012198751785152173,0.032565379639490355
E,clean,1,clean,none,0.8520265976869699,0.6293309816054077,0.0,0.0
E,clean,1,seen_families,mild,0.8505398175634381,0.6251100477741756,0.0014867801235317613,0.004220933831232121
E,clean,1,seen_families,moderate,0.8435292187574182,0.6036920051387296,0.008497378929551713,0.02563897646667812
E,clean,1,seen_families,severe,0.8260375690257848,0.5247733084759734,0.02598902866118502,0.10455767312943431
E,clean,1,seen_families,all,0.840035535115547,0.5845251204629595,0.011991062571422906,0.04480586114244822
E,clean,1,unseen_families,mild,0.8512739375215066,0.6269842010079435,0.0007526601654632703,0.002346780597464182
E,clean,1,unseen_families,moderate,0.8488876035978392,0.614424358589086,0.0031389940891306534,0.01490662301632173
E,clean,1,unseen_families,severe,0.8457691334137011,0.5650651939363984,0.006257464273268787,0.06426578766900926
E,clean,1,unseen_families,all,0.8486435581776823,0.6021579178444759,0.003383039509287533,0.02717306376093176
E,clean,1,mixed,mild,0.8491335250464473,0.623318525347941,0.0028930726405225204,0.006012456257466714
E,clean,1,mixed,moderate,0.8426270429455824,0.6068265974606658,0.009399554741387428,0.022504384144741874
E,clean,1,mixed,severe,0.8145171357975912,0.5351425113121464,0.03750946188937865,0.09418847029326127
E,clean,1,mixed,all,0.8354259012632069,0.5884292113735844,0.01660069642376294,0.04090177023182329
E,clean,1,all_corrupted,mild,0.8504720147679073,0.625336649424046,0.0015545829190625193,0.003994332181361693
E,clean,1,all_corrupted,moderate,0.8451148635238172,0.6079660323603897,0.006911734163152716,0.021364949245017972
E,clean,1,all_corrupted,severe,0.8300546608821583,0.5405082042597091,0.021971936804811576,0.08882277734569854
E,clean,1,all_corrupted,all,0.8418805130579611,0.5912702953480482,0.01014608462900879,0.03806068625735948
E,clean,2,clean,none,0.8491571681627275,0.6326667337850309,0.0,0.0
E,clean,2,seen_families,mild,0.8478526258360829,0.62915818522684,0.0013045423266445644,0.003508548558190938
E,clean,2,seen_families,moderate,0.8418489507675346,0.61658548575188,0.007308217395192829,0.01608124803315092
E,clean,2,seen_families,severe,0.8307327161270263,0.5639022560180178,0.0184244520357012,0.06876447776701311
E,clean,2,seen_families,all,0.8401447642435479,0.6032153089989126,0.009012403919179568,0.029451424786118285
E,clean,2,unseen_families,mild,0.848402020703149,0.6269165999538271,0.0007551474595784979,0.005750133831203819
E,clean,2,unseen_families,moderate,0.8456768368058966,0.6151347948917703,0.0034803313568309013,0.017531938893260657
E,clean,2,unseen_families,severe,0.8421545513866019,0.599559009923743,0.00700261677612557,0.03310772386128791
E,clean,2,unseen_families,all,0.8454111362985491,0.6138701349231135,0.003746031864178323,0.018796598861917424
E,clean,2,mixed,mild,0.8463610545409173,0.6288369197776307,0.0027961136218102034,0.003829814007400234
E,clean,2,mixed,moderate,0.8357156601426541,0.6159479664916401,0.013441508020073378,0.016718767293390835
E,clean,2,mixed,severe,0.8241692544190511,0.5858800940200914,0.02498791374367637,0.046786639764939464
E,clean,2,mixed,all,0.8354153230342075,0.6102216600964541,0.013741845128519947,0.022445073688576844
E,clean,2,all_corrupted,mild,0.8477042971706236,0.6283395978137892,0.001452870992103894,0.00432713597124168
E,clean,2,all_corrupted,moderate,0.8417619593081263,0.6159602511851234,0.00739520885460121,0.01670648259990748
E,clean,2,all_corrupted,severe,0.833081447500668,0.5806718046537204,0.016075720662059423,0.05199492913131054
E,clean,2,all_corrupted,all,0.8408492346598061,0.6083238845508776,0.00830793350292136,0.024342849234153308
E,clean,3,clean,none,0.8496660902873494,0.6331267671525187,0.0,0.0
E,clean,3,seen_families,mild,0.8483046499448345,0.6279344660683022,0.0013614403425149524,0.005192301084216533
E,clean,3,seen_families,moderate,0.8414415899388695,0.5939611638535974,0.00822450034847988,0.03916560329892127
E,clean,3,seen_families,severe,0.8301317311559314,0.5144728559789487,0.01953435913141799,0.11865391117357005
E,clean,3,seen_families,all,0.8399593236798785,0.5787894953002827,0.00970676660747094,0.054337271852236024
E,clean,3,unseen_families,mild,0.8490147118452797,0.6278039738240233,0.0006513784420697499,0.00532279332849539
E,clean,3,unseen_families,moderate,0.8471312738539541,0.6139677248902727,0.0025348164333952594,0.019159042262245962
E,clean,3,unseen_families,severe,0.8447007491297921,0.601770642479084,0.0049653411575573125,0.03135612467343474
E,clean,3,unseen_families,all,0.8469489116096753,0.6145141137311269,0.0027171786776740703,0.018612653421391845
E,clean,3,mixed,mild,0.8473677607444836,0.6265928134193761,0.0022983295428657957,0.006533953733142583
E,clean,3,mixed,moderate,0.8343521917262996,0.5980588904117863,0.01531389856104981,0.03506787674073242
E,clean,3,mixed,severe,0.8112908328940913,0.5360761669012827,0.03837525739325809,0.09705060025123602
E,clean,3,mixed,all,0.8310035951216248,0.5869092902441484,0.018662495165724602,0.0462174769083703
E,clean,3,all_corrupted,mild,0.848333139644905,0.6275928236204479,0.0013329506424444304,0.0055339435320708175
E,clean,3,all_corrupted,moderate,0.8417627294188822,0.6015406234343089,0.007903360868467213,0.03158614371820978
E,clean,3,all_corrupted,severe,0.8308012042001427,0.5483728539061791,0.01886488608720671,0.08475391324633963
E,clean,3,all_corrupted,all,0.8402990244213099,0.5925021003203119,0.009367065866039526,0.04062466683220678
E,clean,4,clean,none,0.8513575384549004,0.6341847553134144,0.0,0.0
E,clean,4,seen_families,mild,0.8500780176098903,0.6282082528856309,0.0012795208450100404,0.005976502427783581
E,clean,4,seen_families,moderate,0.8445154710442488,0.6153640369253819,0.00684206741065152,0.018820718388032565
E,clean,4,seen_families,severe,0.8319590494062616,0.5687001469209438,0.019398489048638723,0.06548460839247061
E,clean,4,seen_families,all,0.8421841793534669,0.6040908122439855,0.009173359101433465,0.03009394306942892
E,clean,4,unseen_families,mild,0.8504795484191794,0.6302544131883349,0.0008779900357209769,0.003930342125079589
E,clean,4,unseen_families,moderate,0.8482267084265658,0.6229452842915392,0.003130830028334586,0.01123947102187528
E,clean,4,unseen_families,severe,0.8452555819122315,0.6102215220579613,0.006101956542668874,0.02396323325545313
E,clean,4,unseen_families,all,0.8479872795859923,0.6211404065126117,0.0033702588689080715,0.01304434880080274
E,clean,4,mixed,mild,0.8485009383946716,0.6309912879483821,0.002856600060228809,0.003193467365032343
E,clean,4,mixed,moderate,0.8422969047386948,0.6176794073855103,0.00906063371620558,0.016505347927904146
E,clean,4,mixed,severe,0.8298980931434345,0.5899102276080829,0.02145944531146582,0.04427452770533158
E,clean,4,mixed,all,0.8402319787589336,0.612860307647325,0.011125559695966736,0.02132444766608943
E,clean,4,all_corrupted,mild,0.8498613991651602,0.6295087585560325,0.0014961392897401282,0.0046759967573819505
E,clean,4,all_corrupted,moderate,0.8452595354371203,0.6184056461496851,0.006098003017780074,0.015779109163729377
E,clean,4,all_corrupted,severe,0.8359332366276234,0.5872539565637583,0.015424301827276943,0.04693079874965611
E,clean,4,all_corrupted,all,0.8436847237433014,0.6117227870898253,0.007672814711598974,0.022461968223589146
