variant,regime,seed,condition,family,severity,mode,macro_auroc,macro_f1
A,aug,0,clean,clean,none,none,0.8514977504293764,0.6321123585547876
A,aug,1,clean,clean,none,none,0.8495615415199215,0.6287918794839533
A,aug,2,clean,clean,none,none,0.8486170874951247,0.6312371715233109
A,aug,3,clean,clean,none,none,0.8483832223775242,0.6285686896937974
A,aug,4,clean,clean,none,none,0.8501230941845282,0.6311425188559288
A,clean,0,clean,clean,none,none,0.8532538103947374,0.6294731633818069
A,clean,1,clean,clean,none,none,0.850262849933841,0.6294605524916383
A,clean,2,clean,clean,none,none,0.8468051106924557,0.6307311388117016
A,clean,3,clean,clean,none,none,0.8463595125094244,0.6292952110029414
A,clean,4,clean,clean,none,none,0.8451374510984803,0.6211056318871677
C,aug,0,clean,clean,none,none,0.8486359108419682,0.6310636176379267
C,aug,1,clean,clean,none,none,0.8473090872733161,0.6275879075824015
C,aug,2,clean,clean,none,none,0.8466590537733445,0.629515548401067
C,aug,3,clean,clean,none,none,0.8484052210573825,0.6277980474554936
C,aug,4,clean,clean,none,none,0.8477685237583683,0.6257204759513753
C,clean,0,clean,clean,none,none,0.8482215172779763,0.630348188879956
C,clean,1,clean,clean,none,none,0.8476301471452652,0.6224098115934072
C,clean,2,clean,clean,none,none,0.8483069975625567,0.6272545525619956
C,clean,3,clean,clean,none,none,0.8485246479184317,0.6289804907435952
C,clean,4,clean,clean,none,none,0.8480205464257503,0.6246216181411963
E,aug,0,clean,clean,none,none,0.8511365105835915,0.6350130041110422
E,aug,1,clean,clean,none,none,0.8481622994792508,0.628853264577331
E,aug,2,clean,clean,none,none,0.8473530799988417,0.6218355057477141
E,aug,3,clean,clean,none,none,0.8528185252024183,0.6298570855263006
E,aug,4,clean,clean,none,none,0.8485690816728141,0.6288070477533607
E,clean,0,clean,clean,none,none,0.8485622254953471,0.6262502287096776
E,clean,1,clean,clean,none,none,0.8520265976869699,0.6293309816054077
E,clean,2,clean,clean,none,none,0.8491571681627275,0.6326667337850309
E,clean,3,clean,clean,none,none,0.8496660902873494,0.6331267671525187
E,clean,4,clean,clean,none,none,0.8513575384549004,0.6341847553134144
A,aug,0,baseline_wander|mild|whole,baseline_wander,mild,whole,0.8515221903873345,0.6309646634294259
A,aug,1,baseline_wander|mild|whole,baseline_wander,mild,whole,0.8495520260082523,0.6283909484614718
A,aug,2,baseline_wander|mild|whole,baseline_wander,mild,whole,0.8486120608230913,0.6305370368366603
A,aug,3,baseline_wander|mild|whole,baseline_wander,mild,whole,0.8484653237524189,0.6287065450003431
A,aug,4,baseline_wander|mild|whole,baseline_wander,mild,whole,0.8500000522541914,0.6314757431232441
A,clean,0,baseline_wander|mild|whole,baseline_wander,mild,whole,0.8532850841272097,0.6301716349124922
A,clean,1,baseline_wander|mild|whole,baseline_wander,mild,whole,0.8503321791195709,0.6298403312999641
A,clean,2,baseline_wander|mild|whole,baseline_wander,mild,whole,0.8467859658222074,0.6306422092292129
A,clean,3,baseline_wander|mild|whole,baseline_wander,mild,whole,0.8464049594012366,0.6290721928143705
A,clean,4,baseline_wander|mild|whole,baseline_wander,mild,whole,0.8451349969898507,0.6201028075842308
C,aug,0,baseline_wander|mild|whole,baseline_wander,mild,whole,0.8487302608704095,0.6309579456911898
C,aug,1,baseline_wander|mild|whole,baseline_wander,mild,whole,0.8474797713955955,0.6275798897619459
C,aug,2,baseline_wander|mild|whole,baseline_wander,mild,whole,0.8468448732563552,0.6280844740246396
C,aug,3,baseline_wander|mild|whole,baseline_wander,mild,whole,0.8485904885055982,0.6276022683276629
C,aug,4,baseline_wander|mild|whole,baseline_wander,mild,whole,0.8478836179259661,0.6245934890171857
C,clean,0,baseline_wander|mild|whole,baseline_wander,mild,whole,0.8483254554468557,0.6320271494914864
C,clean,1,baseline_wander|mild|whole,baseline_wander,mild,whole,0.8479520347282172,0.622924471817221
C,clean,2,baseline_wander|mild|whole,baseline_wander,mild,whole,0.8484566014443049,0.6273335322929505
C,clean,3,baseline_wander|mild|whole,baseline_wander,mild,whole,0.8487508943433475,0.629793148275241
C,clean,4,baseline_wander|mild|whole,baseline_wander,mild,whole,0.8480945212191653,0.6247197642666128
E,aug,0,baseline_wander|mild|whole,baseline_wander,mild,whole,0.8512456895959442,0.634895225337964
E,aug,1,baseline_wander|mild|whole,baseline_wander,mild,whole,0.8482498373815467,0.6279131672931609
E,aug,2,baseline_wander|mild|whole,baseline_wander,mild,whole,0.8474724688829334,0.6223417975268084
E,aug,3,baseline_wander|mild|whole,baseline_wander,mild,whole,0.8529718140575012,0.6294125789057261
E,aug,4,baseline_wander|mild|whole,baseline_wander,mild,whole,0.8486308913992442,0.6292159331240756
E,clean,0,baseline_wander|mild|whole,baseline_wander,mild,whole,0.8486467543655015,0.6256623022622552
E,clean,1,baseline_wander|mild|whole,baseline_wander,mild,whole,0.8522142645996338,0.6295137795726676
E,clean,2,baseline_wander|mild|whole,baseline_wander,mild,whole,0.8492316197922903,0.6331638985030926
E,clean,3,baseline_wander|mild|whole,baseline_wander,mild,whole,0.8497612061466278,0.63289929790331
E,clean,4,baseline_wander|mild|whole,baseline_wander,mild,whole,0.851458945458736,0.6336919187772986
A,aug,0,baseline_wander|mild|burst,baseline_wander,mild,burst,0.8516188158336726,0.6328586690949264
A,aug,1,baseline_wander|mild|burst,baseline_wander,mild,burst,0.8494782440130134,0.6283582835232379
A,aug,2,baseline_wander|mild|burst,baseline_wander,mild,burst,0.8485358301384123,0.6310237192880598
A,aug,3,baseline_wander|mild|burst,baseline_wander,mild,burst,0.8482773202120691,0.6276157585949382
A,aug,4,baseline_wander|mild|burst,baseline_wander,mild,burst,0.8500064383687024,0.6317692173710392
A,clean,0,baseline_wander|mild|burst,baseline_wander,mild,burst,0.8533260262836674,0.630910157040246
A,clean,1,baseline_wander|mild|burst,baseline_wander,mild,burst,0.8503284819401833,0.6309322019168955
A,clean,2,baseline_wander|mild|burst,baseline_wander,mild,burst,0.8466130419075488,0.6316082430209696
A,clean,3,baseline_wander|mild|burst,baseline_wander,mild,burst,0.8460846202011515,0.628140155356933
A,clean,4,baseline_wander|mild|burst,baseline_wander,mild,burst,0.8450169606993427,0.621688778636917
C,aug,0,baseline_wander|mild|burst,baseline_wander,mild,burst,0.8485243510775607,0.6322713451413857
C,aug,1,baseline_wander|mild|burst,baseline_wander,mild,burst,0.8471587448567458,0.6259877038592647
C,aug,2,baseline_wander|mild|burst,baseline_wander,mild,burst,0.8464064258687924,0.6288911306646235
C,aug,3,baseline_wander|mild|burst,baseline_wander,mild,burst,0.8484081892037754,0.6293501987233544
C,aug,4,baseline_wander|mild|burst,baseline_wander,mild,burst,0.8475663336558025,0.6250610905755172
C,clean,0,baseline_wander|mild|burst,baseline_wander,mild,burst,0.8481253880097886,0.6298330231276899
C,clean,1,baseline_wander|mild|burst,baseline_wander,mild,burst,0.8476813324139428,0.6226567952794573
C,clean,2,baseline_wander|mild|burst,baseline_wander,mild,burst,0.8481589142708728,0.6255690715137043
C,clean,3,baseline_wander|mild|burst,baseline_wander,mild,burst,0.8485828768000723,0.6292895621984418
C,clean,4,baseline_wander|mild|burst,baseline_wander,mild,burst,0.8477484073341381,0.6250330221621222
E,aug,0,baseline_wander|mild|burst,baseline_wander,mild,burst,0.8509295919263744,0.6342900444177532
E,aug,1,baseline_wander|mild|burst,baseline_wander,mild,burst,0.847851571419217,0.626725664625315
E,aug,2,baseline_wander|mild|burst,baseline_wander,mild,burst,0.8470561230897214,0.6215975223982981
E,aug,3,baseline_wander|mild|burst,baseline_wander,mild,burst,0.8528007728575471,0.6303114760181316
E,aug,4,baseline_wander|mild|burst,baseline_wander,mild,burst,0.8483293931388335,0.6287900215520436
E,clean,0,baseline_wander|mild|burst,baseline_wander,mild,burst,0.8483952476431906,0.6274717313567255
E,clean,1,baseline_wander|mild|burst,baseline_wander,mild,burst,0.85206309071828,0.6280722912304306
E,clean,2,baseline_wander|mild|burst,baseline_wander,mild,burst,0.8490686239149603,0.6328832052111586
E,clean,3,baseline_wander|mild|burst,baseline_wander,mild,burst,0.849582217842951,0.632541392164527
E,clean,4,baseline_wander|mild|burst,baseline_wander,mild,burst,0.8511632513842894,0.6342297433781543
A,aug,0,baseline_wander|moderate|whole,baseline_wander,moderate,whole,0.8517254020695321,0.6324493975497558
A,aug,1,baseline_wander|moderate|whole,baseline_wander,moderate,whole,0.8495354406169285,0.628517330334022
A,aug,2,baseline_wander|moderate|whole,baseline_wander,moderate,whole,0.8484996450370904,0.6333504127963898
A,aug,3,baseline_wander|moderate|whole,baseline_wander,moderate,whole,0.8488031869992307,0.6282933942617135
A,aug,4,baseline_wander|moderate|whole,baseline_wander,moderate,whole,0.849760226207718,0.6306880448802862
A,clean,0,baseline_wander|moderate|whole,baseline_wander,moderate,whole,0.8534487867562707,0.6308338428750355
A,clean,1,baseline_wander|moderate|whole,baseline_wander,moderate,whole,0.8503504856854717,0.6296918135080306
A,clean,2,baseline_wander|moderate|whole,baseline_wander,moderate,whole,0.8467986951670653,0.630801669019579
A,clean,3,baseline_wander|moderate|whole,baseline_wander,moderate,whole,0.8463749551060455,0.6296017745288383
A,clean,4,baseline_wander|moderate|whole,baseline_wander,moderate,whole,0.8450850211210309,0.6194399456391182
C,aug,0,baseline_wander|moderate|whole,baseline_wander,moderate,whole,0.8488541071107466,0.6324895292934128
C,aug,1,baseline_wander|moderate|whole,baseline_wander,moderate,whole,0.8477633713133154,0.6247945057828111
C,aug,2,baseline_wander|moderate|whole,baseline_wander,moderate,whole,0.8470420133827037,0.6293056205599946
C,aug,3,baseline_wander|moderate|whole,baseline_wander,moderate,whole,0.8488601401315717,0.6282920506475186
C,aug,4,baseline_wander|moderate|whole,baseline_wander,moderate,whole,0.8479408973234067,0.6264876329097866
C,clean,0,baseline_wander|moderate|whole,baseline_wander,moderate,whole,0.8483075128303648,0.6308031701529352
C,clean,1,baseline_wander|moderate|whole,baseline_wander,moderate,whole,0.8483884730904793,0.624791032453867
C,clean,2,baseline_wander|moderate|whole,baseline_wander,moderate,whole,0.8483157296841005,0.6282834542236849
C,clean,3,baseline_wander|moderate|whole,baseline_wander,moderate,whole,0.8491173694394591,0.6299671321113017
C,clean,4,baseline_wander|moderate|whole,baseline_wander,moderate,whole,0.8482125736324685,0.6255021189666896
E,aug,0,baseline_wander|moderate|whole,baseline_wander,moderate,whole,0.851376035184354,0.6341413537958861
E,aug,1,baseline_wander|moderate|whole,baseline_wander,moderate,whole,0.8484650558482227,0.629893775237014
E,aug,2,baseline_wander|moderate|whole,baseline_wander,moderate,whole,0.8476331280576023,0.6244705658330896
E,aug,3,baseline_wander|moderate|whole,baseline_wander,moderate,whole,0.8530645104737321,0.6308290428199405
E,aug,4,baseline_wander|moderate|whole,baseline_wander,moderate,whole,0.8487895089854248,0.6289857815567401
E,clean,0,baseline_wander|moderate|whole,baseline_wander,moderate,whole,0.8486521903748278,0.6255247426443423
E,clean,1,baseline_wander|moderate|whole,baseline_wander,moderate,whole,0.8524019337274229,0.628275834379927
E,clean,2,baseline_wander|moderate|whole,baseline_wander,moderate,whole,0.8493088890868403,0.6320838370485015
E,clean,3,baseline_wander|moderate|whole,baseline_wander,moderate,whole,0.8497757349837458,0.633043025154484
E,clean,4,baseline_wander|moderate|whole,baseline_wander,moderate,whole,0.8515351229236332,0.635196089874236
A,aug,0,baseline_wander|moderate|burst,baseline_wander,moderate,burst,0.851588415858506,0.6311343879349276
A,aug,1,baseline_wander|moderate|burst,baseline_wander,moderate,burst,0.8488343976045805,0.6264361128443207
A,aug,2,baseline_wander|moderate|burst,baseline_wander,moderate,burst,0.8480312714153634,0.628323644501791
A,aug,3,baseline_wander|moderate|burst,baseline_wander,moderate,burst,0.8479658083706598,0.6280752362560168
A,aug,4,baseline_wander|moderate|burst,baseline_wander,moderate,burst,0.8492865841987521,0.6294873541346664
A,clean,0,baseline_wander|moderate|burst,baseline_wander,moderate,burst,0.853246003358254,0.6264268847585888
A,clean,1,baseline_wander|moderate|burst,baseline_wander,moderate,burst,0.8499113376067158,0.6275817422375077
A,clean,2,baseline_wander|moderate|burst,baseline_wander,moderate,burst,0.8458442232577233,0.6306072710646553
A,clean,3,baseline_wander|moderate|burst,baseline_wander,moderate,burst,0.8456439284802757,0.6277265107565508
A,clean,4,baseline_wander|moderate|burst,baseline_wander,moderate,burst,0.8444514552183792,0.6207632186541711
C,aug,0,baseline_wander|moderate|burst,baseline_wander,moderate,burst,0.8478186773881943,0.6330465690878762
C,aug,1,baseline_wander|moderate|burst,baseline_wander,moderate,burst,0.8466779983356612,0.6250858902542087
C,aug,2,baseline_wander|moderate|burst,baseline_wander,moderate,burst,0.8459106213963532,0.6255388779830494
C,aug,3,baseline_wander|moderate|burst,baseline_wander,moderate,burst,0.8483839032169728,0.6305686300034251
C,aug,4,baseline_wander|moderate|burst,baseline_wander,moderate,burst,0.8468600060948562,0.6262951287439569
C,clean,0,baseline_wander|moderate|burst,baseline_wander,moderate,burst,0.847503334278079,0.6295346389646459
C,clean,1,baseline_wander|moderate|burst,baseline_wander,moderate,burst,0.8475453960667341,0.6240496008688827
C,clean,2,baseline_wander|moderate|burst,baseline_wander,moderate,burst,0.8475248183648564,0.6273527685494991
C,clean,3,baseline_wander|moderate|burst,baseline_wander,moderate,burst,0.848593840071163,0.6303831842481593
C,clean,4,baseline_wander|moderate|burst,baseline_wander,moderate,burst,0.8471525157590586,0.6263167696821154
E,aug,0,baseline_wander|moderate|burst,baseline_wander,moderate,burst,0.8502794036572718,0.6326349658724589
E,aug,1,baseline_wander|moderate|burst,baseline_wander,moderate,burst,0.8475346705260354,0.6247417428910824
E,aug,2,baseline_wander|moderate|burst,baseline_wander,moderate,burst,0.8465771107018346,0.622429313620149
E,aug,3,baseline_wander|moderate|burst,baseline_wander,moderate,burst,0.8523909292889666,0.6278979727310482
E,aug,4,baseline_wander|moderate|burst,baseline_wander,moderate,burst,0.847809226226139,0.6284265839613349
E,clean,0,baseline_wander|moderate|burst,baseline_wander,moderate,burst,0.8477573128896347,0.6271844383858866
E,clean,1,baseline_wander|moderate|burst,baseline_wander,moderate,burst,0.8516932648965365,0.6279919712529417
E,clean,2,baseline_wander|moderate|burst,baseline_wander,moderate,burst,0.8483763911584135,0.6310270156949991
E,clean,3,baseline_wander|moderate|burst,baseline_wander,moderate,burst,0.849251896657116,0.6287547055734592
E,clean,4,baseline_wander|moderate|burst,baseline_wander,moderate,burst,0.8507563403587144,0.6301479873649074
A,aug,0,baseline_wander|severe|whole,baseline_wander,severe,whole,0.8515018293540108,0.6315186117956646
A,aug,1,baseline_wander|severe|whole,baseline_wander,severe,whole,0.8491237732470672,0.6248232536016529
A,aug,2,baseline_wander|severe|whole,baseline_wander,severe,whole,0.8478386049395981,0.6336744665601804
A,aug,3,baseline_wander|severe|whole,baseline_wander,severe,whole,0.8489076333503706,0.628192871024581
A,aug,4,baseline_wander|severe|whole,baseline_wander,severe,whole,0.8489851146214507,0.6280871186662782
A,clean,0,baseline_wander|severe|whole,baseline_wander,severe,whole,0.8532260183280185,0.6306809945001896
A,clean,1,baseline_wander|severe|whole,baseline_wander,severe,whole,0.8498997268795895,0.6260431154684801
A,clean,2,baseline_wander|severe|whole,baseline_wander,severe,whole,0.8463610584735747,0.6301525112058053
A,clean,3,baseline_wander|severe|whole,baseline_wander,severe,whole,0.8456569932313934,0.6277394494930277
A,clean,4,baseline_wander|severe|whole,baseline_wander,severe,whole,0.8444596906927441,0.6181890518585856
C,aug,0,baseline_wander|severe|whole,baseline_wander,severe,whole,0.8486484603439722,0.6320827941133315
C,aug,1,baseline_wander|severe|whole,baseline_wander,severe,whole,0.8475697178934041,0.6261327314362565
C,aug,2,baseline_wander|severe|whole,baseline_wander,severe,whole,0.8465916535157654,0.6268104414979684
C,aug,3,baseline_wander|severe|whole,baseline_wander,severe,whole,0.8489242601305438,0.629444057589228
C,aug,4,baseline_wander|severe|whole,baseline_wander,severe,whole,0.8473719573544246,0.62432848126018
C,clean,0,baseline_wander|severe|whole,baseline_wander,severe,whole,0.8476666075983026,0.6311789560725242
C,clean,1,baseline_wander|severe|whole,baseline_wander,severe,whole,0.8479452216798862,0.6252201230049694
C,clean,2,baseline_wander|severe|whole,baseline_wander,severe,whole,0.847382821222357,0.6287369513982879
C,clean,3,baseline_wander|severe|whole,baseline_wander,severe,whole,0.849046745090471,0.6312228731600256
C,clean,4,baseline_wander|severe|whole,baseline_wander,severe,whole,0.8476478707123507,0.628002831366586
E,aug,0,baseline_wander|severe|whole,baseline_wander,severe,whole,0.8511849750585633,0.6346796600815157
E,aug,1,baseline_wander|severe|whole,baseline_wander,severe,whole,0.8484651291991516,0.6288907223977982
E,aug,2,baseline_wander|severe|whole,baseline_wander,severe,whole,0.8474837576105747,0.6218885412396646
E,aug,3,baseline_wander|severe|whole,baseline_wander,severe,whole,0.8526293970111439,0.6284093641071947
E,aug,4,baseline_wander|severe|whole,baseline_wander,severe,whole,0.8485507467345211,0.6300754804504969
E,clean,0,baseline_wander|severe|whole,baseline_wander,severe,whole,0.8476955045919647,0.6251225037338467
E,clean,1,baseline_wander|severe|whole,baseline_wander,severe,whole,0.8518961165535626,0.6273487344667115
E,clean,2,baseline_wander|severe|whole,baseline_wander,severe,whole,0.8487016981493793,0.6309645911546568
E,clean,3,baseline_wander|severe|whole,baseline_wander,severe,whole,0.8491735478753129,0.630119498780037
E,clean,4,baseline_wander|severe|whole,baseline_wander,severe,whole,0.8511322523896541,0.6323534846531123
A,aug,0,baseline_wander|severe|burst,baseline_wander,severe,burst,0.8512475238473233,0.6297277008363829
A,aug,1,baseline_wander|severe|burst,baseline_wander,severe,burst,0.8480017053600204,0.6247037471560226
A,aug,2,baseline_wander|severe|burst,baseline_wander,severe,burst,0.847492714805675,0.6291402706141411
A,aug,3,baseline_wander|severe|burst,baseline_wander,severe,burst,0.8478817318705894,0.6273326322094073
A,aug,4,baseline_wander|severe|burst,baseline_wander,severe,burst,0.8486087978260537,0.6286289719332687
A,clean,0,baseline_wander|severe|burst,baseline_wander,severe,burst,0.8526528534825921,0.627107252969425
A,clean,1,baseline_wander|severe|burst,baseline_wander,severe,burst,0.8490877334587242,0.6237502350049015
A,clean,2,baseline_wander|severe|burst,baseline_wander,severe,burst,0.8449376713689546,0.6292514520826049
A,clean,3,baseline_wander|severe|burst,baseline_wander,severe,burst,0.8449752750925015,0.6212123645178167
A,clean,4,baseline_wander|severe|burst,baseline_wander,severe,burst,0.8436511494064518,0.6154775136245656
C,aug,0,baseline_wander|severe|burst,baseline_wander,severe,burst,0.8470839793340271,0.6341703242544343
C,aug,1,baseline_wander|severe|burst,baseline_wander,severe,burst,0.8459626118121844,0.6228884047103506
C,aug,2,baseline_wander|severe|burst,baseline_wander,severe,burst,0.845079264113496,0.6228420545297901
C,aug,3,baseline_wander|severe|burst,baseline_wander,severe,burst,0.8481268557424861,0.6294519703326479
C,aug,4,baseline_wander|severe|burst,baseline_wander,severe,burst,0.8460384691726531,0.6282908214811169
C,clean,0,baseline_wander|severe|burst,baseline_wander,severe,burst,0.8465444774440005,0.6277755240595406
C,clean,1,baseline_wander|severe|burst,baseline_wander,severe,burst,0.8471664657213059,0.6239493326623807
C,clean,2,baseline_wander|severe|burst,baseline_wander,severe,burst,0.8463536049470131,0.6252370693727647
C,clean,3,baseline_wander|severe|burst,baseline_wander,severe,burst,0.8482993691910365,0.6299354869659812
C,clean,4,baseline_wander|severe|burst,baseline_wander,severe,burst,0.8464307572062619,0.6231273413768215
E,aug,0,baseline_wander|severe|burst,baseline_wander,severe,burst,0.8496409588733673,0.6317677722681547
E,aug,1,baseline_wander|severe|burst,baseline_wander,severe,burst,0.8473536923164977,0.6252892951388397
E,aug,2,baseline_wander|severe|burst,baseline_wander,severe,burst,0.8458863632141087,0.6237068185639341
E,aug,3,baseline_wander|severe|burst,baseline_wander,severe,burst,0.8517861657426703,0.6278943401244621
E,aug,4,baseline_wander|severe|burst,baseline_wander,severe,burst,0.8468734368435662,0.6275649437280096
E,clean,0,baseline_wander|severe|burst,baseline_wander,severe,burst,0.8469255608067453,0.625983296560449
E,clean,1,baseline_wander|severe|burst,baseline_wander,severe,burst,0.8509325699278684,0.6264224289864115
E,clean,2,baseline_wander|severe|burst,baseline_wander,severe,burst,0.8472953923202624,0.6308516530422001
E,clean,3,baseline_wander|severe|burst,baseline_wander,severe,burst,0.8486451734953109,0.6252265788179472
E,clean,4,baseline_wander|severe|burst,baseline_wander,severe,burst,0.850142436216041,0.6277041376870032
A,aug,0,emg|mild|whole,emg,mild,whole,0.8515347660584721,0.6316811894432481
A,aug,1,emg|mild|whole,emg,mild,whole,0.8495309176305067,0.626104830895732
A,aug,2,emg|mild|whole,emg,mild,whole,0.8484614633697772,0.6288233385447433
A,aug,3,emg|mild|whole,emg,mild,whole,0.8485188001778605,0.6289730371718188
A,aug,4,emg|mild|whole,emg,mild,whole,0.850792784888473,0.6299540528947232
A,clean,0,emg|mild|whole,emg,mild,whole,0.850202269126895,0.6251239103820315
A,clean,1,emg|mild|whole,emg,mild,whole,0.8421065436206169,0.6077436843318894
A,clean,2,emg|mild|whole,emg,mild,whole,0.841746726100434,0.6245924174812673
A,clean,3,emg|mild|whole,emg,mild,whole,0.8447205868826637,0.6200349293431233
A,clean,4,emg|mild|whole,emg,mild,whole,0.8405942994665226,0.6127637441816302
C,aug,0,emg|mild|whole,emg,mild,whole,0.8485534466589686,0.6313107904685
C,aug,1,emg|mild|whole,emg,mild,whole,0.8465436998351791,0.623099882664278
C,aug,2,emg|mild|whole,emg,mild,whole,0.8466384703673295,0.6276926097797144
C,aug,3,emg|mild|whole,emg,mild,whole,0.8483543040298883,0.6284388488719237
C,aug,4,emg|mild|whole,emg,mild,whole,0.8481407374232954,0.6239064823692866
C,clean,0,emg|mild|whole,emg,mild,whole,0.8400192458666593,0.6201191104466972
C,clean,1,emg|mild|whole,emg,mild,whole,0.8433635945197724,0.6110307783881295
C,clean,2,emg|mild|whole,emg,mild,whole,0.8439200658094353,0.6183162340320052
C,clean,3,emg|mild|whole,emg,mild,whole,0.8444126909473588,0.6187052649556553
C,clean,4,emg|mild|whole,emg,mild,whole,0.8437093295166976,0.6050703457898381
E,aug,0,emg|mild|whole,emg,mild,whole,0.8507232832380012,0.6328113838459002
E,aug,1,emg|mild|whole,emg,mild,whole,0.8478460376536769,0.6270044299115374
E,aug,2,emg|mild|whole,emg,mild,whole,0.8474883310187502,0.6223035955307583
E,aug,3,emg|mild|whole,emg,mild,whole,0.8531064695909649,0.6270601382048653
E,aug,4,emg|mild|whole,emg,mild,whole,0.8488037297322011,0.6296426060651898
E,clean,0,emg|mild|whole,emg,mild,whole,0.8368595719329367,0.6047556187640073
E,clean,1,emg|mild|whole,emg,mild,whole,0.846684055760365,0.6167546528223019
E,clean,2,emg|mild|whole,emg,mild,whole,0.8451463527894066,0.6209617265605683
E,clean,3,emg|mild|whole,emg,mild,whole,0.8452094889487671,0.6142454398528063
E,clean,4,emg|mild|whole,emg,mild,whole,0.8471839150894651,0.6154700797823847
A,aug,0,emg|mild|burst,emg,mild,burst,0.8513078088080089,0.631565833989885
A,aug,1,emg|mild|burst,emg,mild,burst,0.8495030260015575,0.6284931211228811
A,aug,2,emg|mild|burst,emg,mild,burst,0.8481958317797161,0.6297872001954378
A,aug,3,emg|mild|burst,emg,mild,burst,0.8480209715654009,0.6291415071460588
A,aug,4,emg|mild|burst,emg,mild,burst,0.8500926963010473,0.6296614914348825
A,clean,0,emg|mild|burst,emg,mild,burst,0.8523637187524603,0.6307281966596154
A,clean,1,emg|mild|burst,emg,mild,burst,0.8485526446753443,0.6241989618699078
A,clean,2,emg|mild|burst,emg,mild,burst,0.8457860288852188,0.6265864527279112
A,clean,3,emg|mild|burst,emg,mild,burst,0.8458585324672123,0.62352878633643
A,clean,4,emg|mild|burst,emg,mild,burst,0.843534846643996,0.6185368704645646
C,aug,0,emg|mild|burst,emg,mild,burst,0.8484380992597679,0.6331928473833773
C,aug,1,emg|mild|burst,emg,mild,burst,0.8468581278831417,0.6272420075522126
C,aug,2,emg|mild|burst,emg,mild,burst,0.8464760265343296,0.6291771740497956
C,aug,3,emg|mild|burst,emg,mild,burst,0.8482718067478456,0.6282314952963203
C,aug,4,emg|mild|burst,emg,mild,burst,0.847557685813426,0.6266781178454787
C,clean,0,emg|mild|burst,emg,mild,burst,0.8467323683461545,0.6290874359837171
C,clean,1,emg|mild|burst,emg,mild,burst,0.8479031081907824,0.626022302693767
C,clean,2,emg|mild|burst,emg,mild,burst,0.8471333916632549,0.6253851397287129
C,clean,3,emg|mild|burst,emg,mild,burst,0.848410378697426,0.6304861167271438
C,clean,4,emg|mild|burst,emg,mild,burst,0.8476844421791428,0.6230433125037823
E,aug,0,emg|mild|burst,emg,mild,burst,0.850831229784033,0.6334134259993438
E,aug,1,emg|mild|burst,emg,mild,burst,0.8476286736592588,0.6275516842295038
E,aug,2,emg|mild|burst,emg,mild,burst,0.8471177110998852,0.6222404795200618
E,aug,3,emg|mild|burst,emg,mild,burst,0.8526940283819435,0.628549152595948
E,aug,4,emg|mild|burst,emg,mild,burst,0.8483155455089356,0.6301175851344258
E,clean,0,emg|mild|burst,emg,mild,burst,0.8461551216201236,0.6231074075616766
E,clean,1,emg|mild|burst,emg,mild,burst,0.8511978591754735,0.6260994674713019
E,clean,2,emg|mild|burst,emg,mild,burst,0.8479639068476743,0.6296239106325402
E,clean,3,emg|mild|burst,emg,mild,burst,0.8486656868409922,0.6320517343525655
E,clean,4,emg|mild|burst,emg,mild,burst,0.8505059585070711,0.6294412696046858
A,aug,0,emg|moderate|whole,emg,moderate,whole,0.8499966887393284,0.63031078939016
A,aug,1,emg|moderate|whole,emg,moderate,whole,0.8482549035076155,0.6186368886231252
A,aug,2,emg|moderate|whole,emg,moderate,whole,0.8469154598200299,0.6257562756421866
A,aug,3,emg|moderate|whole,emg,moderate,whole,0.8473399492564704,0.6259511241611536
A,aug,4,emg|moderate|whole,emg,moderate,whole,0.851087190376243,0.6269345552550355
A,clean,0,emg|moderate|whole,emg,moderate,whole,0.823445111857619,0.5703219258436485
A,clean,1,emg|moderate|whole,emg,moderate,whole,0.8154253749550007,0.5509946131222324
A,clean,2,emg|moderate|whole,emg,moderate,whole,0.82481120308332,0.5964209319346111
A,clean,3,emg|moderate|whole,emg,moderate,whole,0.8299870987754264,0.5927594305772083
A,clean,4,emg|moderate|whole,emg,moderate,whole,0.8142475920800063,0.567105923385754
C,aug,0,emg|moderate|whole,emg,moderate,whole,0.8461419399817508,0.6252632458398399
C,aug,1,emg|moderate|whole,emg,moderate,whole,0.8444308419818236,0.6163852154020992
C,aug,2,emg|moderate|whole,emg,moderate,whole,0.8445097425049909,0.6214823064684046
C,aug,3,emg|moderate|whole,emg,moderate,whole,0.84700858733381,0.6279670193322244
C,aug,4,emg|moderate|whole,emg,moderate,whole,0.8474100677186736,0.6205993952844316
C,clean,0,emg|moderate|whole,emg,moderate,whole,0.8078457870263909,0.559318785193307
C,clean,1,emg|moderate|whole,emg,moderate,whole,0.8254210916717388,0.5677108587332164
C,clean,2,emg|moderate|whole,emg,moderate,whole,0.821300874278743,0.5877439863797183
C,clean,3,emg|moderate|whole,emg,moderate,whole,0.8271966036052492,0.5900246510012674
C,clean,4,emg|moderate|whole,emg,moderate,whole,0.8196978461670659,0.5139329650844376
E,aug,0,emg|moderate|whole,emg,moderate,whole,0.848045029737334,0.6269907806553465
E,aug,1,emg|moderate|whole,emg,moderate,whole,0.8460470049787151,0.6189331803726456
E,aug,2,emg|moderate|whole,emg,moderate,whole,0.8458288965631006,0.6176275558625313
E,aug,3,emg|moderate|whole,emg,moderate,whole,0.8519005817051264,0.6253250764282502
E,aug,4,emg|moderate|whole,emg,moderate,whole,0.8482078373668817,0.6267291647687732
E,clean,0,emg|moderate|whole,emg,moderate,whole,0.8059626040854255,0.5321614857844511
E,clean,1,emg|moderate|whole,emg,moderate,whole,0.8208571612565434,0.5428266040691058
E,clean,2,emg|moderate|whole,emg,moderate,whole,0.8240890433690449,0.5783465805573055
E,clean,3,emg|moderate|whole,emg,moderate,whole,0.8203909223094449,0.5000378135124377
E,clean,4,emg|moderate|whole,emg,moderate,whole,0.8268944190260964,0.5715247401750579
A,aug,0,emg|moderate|burst,emg,moderate,burst,0.8509610150464371,0.6308719668145853
A,aug,1,emg|moderate|burst,emg,moderate,burst,0.8491673882466204,0.6252558951992366
A,aug,2,emg|moderate|burst,emg,moderate,burst,0.8476099633161673,0.6266384458925712
A,aug,3,emg|moderate|burst,emg,moderate,burst,0.8475588203085399,0.6267957961998549
A,aug,4,emg|moderate|burst,emg,moderate,burst,0.8500581616471126,0.6293537167114802
A,clean,0,emg|moderate|burst,emg,moderate,burst,0.8511829456120846,0.6244718128608782
A,clean,1,emg|moderate|burst,emg,moderate,burst,0.8471763563500391,0.6164387140047581
A,clean,2,emg|moderate|burst,emg,moderate,burst,0.8448079670994544,0.6258441135241909
A,clean,3,emg|moderate|burst,emg,moderate,burst,0.8443592496822262,0.6219385343949513
A,clean,4,emg|moderate|burst,emg,moderate,burst,0.8402031471326874,0.613915008682018
C,aug,0,emg|moderate|burst,emg,moderate,burst,0.8479116793417132,0.6324007842561075
C,aug,1,emg|moderate|burst,emg,moderate,burst,0.8462135651826035,0.6220156657828786
C,aug,2,emg|moderate|burst,emg,moderate,burst,0.8459628623623863,0.6276490852284053
C,aug,3,emg|moderate|burst,emg,moderate,burst,0.8478187175727628,0.6289484839395789
C,aug,4,emg|moderate|burst,emg,moderate,burst,0.8471660158480592,0.6255991096860763
C,clean,0,emg|moderate|burst,emg,moderate,burst,0.8450074334379479,0.6237684633327175
C,clean,1,emg|moderate|burst,emg,moderate,burst,0.8479585466385255,0.61870498356168
C,clean,2,emg|moderate|burst,emg,moderate,burst,0.8444318610029027,0.6264672820175173
C,clean,3,emg|moderate|burst,emg,moderate,burst,0.8470102766396164,0.6290336284736997
C,clean,4,emg|moderate|burst,emg,moderate,burst,0.8463852886924077,0.6122447496862763
E,aug,0,emg|moderate|burst,emg,moderate,burst,0.8501332738170433,0.6331364430289453
E,aug,1,emg|moderate|burst,emg,moderate,burst,0.8468652209391714,0.6247941897193732
E,aug,2,emg|moderate|burst,emg,moderate,burst,0.8467734053933761,0.6232994502946244
E,aug,3,emg|moderate|burst,emg,moderate,burst,0.8522578778506638,0.6290037576085458
E,aug,4,emg|moderate|burst,emg,moderate,burst,0.8479242874773479,0.6283418140320012
E,clean,0,emg|moderate|burst,emg,moderate,burst,0.8440482194540344,0.6114130211662157
E,clean,1,emg|moderate|burst,emg,moderate,burst,0.8491645151491698,0.6156736108529437
E,clean,2,emg|moderate|burst,emg,moderate,burst,0.8456214794558397,0.6248845097067137
E,clean,3,emg|moderate|burst,emg,moderate,burst,0.8463478058051711,0.6140091111740089
E,clean,4,emg|moderate|burst,emg,moderate,burst,0.8488760018685511,0.6245873302873262
A,aug,0,emg|severe|whole,emg,severe,whole,0.84449006712915,0.6185258579700711
A,aug,1,emg|severe|whole,emg,severe,whole,0.8435196362988215,0.6103889497726834
A,aug,2,emg|severe|whole,emg,severe,whole,0.8416082375388335,0.6216866846379248
A,aug,3,emg|severe|whole,emg,severe,whole,0.8431638195359614,0.6214953088512132
A,aug,4,emg|severe|whole,emg,severe,whole,0.8472942429046011,0.6165523798899996
A,clean,0,emg|severe|whole,emg,severe,whole,0.7483953904960348,0.3316023811076796
A,clean,1,emg|severe|whole,emg,severe,whole,0.7516938018148595,0.27628746383567054
A,clean,2,emg|severe|whole,emg,severe,whole,0.7841845606511875,0.29366560355636906
A,clean,3,emg|severe|whole,emg,severe,whole,0.7963717503958943,0.42555698230670985
A,clean,4,emg|severe|whole,emg,severe,whole,0.7714682718473246,0.3514269861531064
C,aug,0,emg|severe|whole,emg,severe,whole,0.8383247820215104,0.6145755818683231
C,aug,1,emg|severe|whole,emg,severe,whole,0.8394432191152408,0.6085540613341804
C,aug,2,emg|severe|whole,emg,severe,whole,0.8376044958077182,0.6041433934520861
C,aug,3,emg|severe|whole,emg,severe,whole,0.8429354338018754,0.6212620383985951
C,aug,4,emg|severe|whole,emg,severe,whole,0.8436494973252184,0.6147596310184622
C,clean,0,emg|severe|whole,emg,severe,whole,0.7267749315526075,0.2629224742982424
C,clean,1,emg|severe|whole,emg,severe,whole,0.7825337238466221,0.36926421701602286
C,clean,2,emg|severe|whole,emg,severe,whole,0.7788028042493303,0.4005144541799611
C,clean,3,emg|severe|whole,emg,severe,whole,0.7962245129202559,0.46883697916582107
C,clean,4,emg|severe|whole,emg,severe,whole,0.7695436672727438,0.22566312096736266
E,aug,0,emg|severe|whole,emg,severe,whole,0.8393952276449108,0.612436234426643
E,aug,1,emg|severe|whole,emg,severe,whole,0.8411887669561404,0.6101617263668287
E,aug,2,emg|severe|whole,emg,severe,whole,0.8385278036425108,0.5956084953919271
E,aug,3,emg|severe|whole,emg,severe,whole,0.8470856832679277,0.6216346301635769
E,aug,4,emg|severe|whole,emg,severe,whole,0.8438619573778346,0.6165033003212597
E,clean,0,emg|severe|whole,emg,severe,whole,0.7502932357134953,0.24727202022422068
E,clean,1,emg|severe|whole,emg,severe,whole,0.7552525557959958,0.26363488502194016
E,clean,2,emg|severe|whole,emg,severe,whole,0.7849965345244161,0.39562516603884484
E,clean,3,emg|severe|whole,emg,severe,whole,0.7785058439178947,0.22086498452818587
E,clean,4,emg|severe|whole,emg,severe,whole,0.7786784054217054,0.4042580041809892
A,aug,0,emg|severe|burst,emg,severe,burst,0.8498539758404069,0.6257603466277479
A,aug,1,emg|severe|burst,emg,severe,burst,0.8485139986187085,0.6215627560826994
A,aug,2,emg|severe|burst,emg,severe,burst,0.8471179323023407,0.6257929833263166
A,aug,3,emg|severe|burst,emg,severe,burst,0.8470061523243352,0.6254741754681776
A,aug,4,emg|severe|burst,emg,severe,burst,0.8498211114793364,0.6275820826383421
A,clean,0,emg|severe|burst,emg,severe,burst,0.8465239247696482,0.566819285384129
A,clean,1,emg|severe|burst,emg,severe,burst,0.8451896148382314,0.6054046944175455
A,clean,2,emg|severe|burst,emg,severe,burst,0.8414594847177461,0.5864415092392753
A,clean,3,emg|severe|burst,emg,severe,burst,0.8409292306890288,0.6071639476402105
A,clean,4,emg|severe|burst,emg,severe,burst,0.8379773713914347,0.5895780310141383
C,aug,0,emg|severe|burst,emg,severe,burst,0.8464064241689142,0.6294048697431374
C,aug,1,emg|severe|burst,emg,severe,burst,0.845597424656178,0.6221027947741876
C,aug,2,emg|severe|burst,emg,severe,burst,0.8446800259459881,0.6248730415729316
C,aug,3,emg|severe|burst,emg,severe,burst,0.8470502072023611,0.630880344535496
C,aug,4,emg|severe|burst,emg,severe,burst,0.8467497566639158,0.6247266731576311
C,clean,0,emg|severe|burst,emg,severe,burst,0.8411372724424213,0.5857930337804856
C,clean,1,emg|severe|burst,emg,severe,burst,0.8451881009798529,0.6022081020995781
C,clean,2,emg|severe|burst,emg,severe,burst,0.8403806964188651,0.598656642916401
C,clean,3,emg|severe|burst,emg,severe,burst,0.8442277645955585,0.6078354934836064
C,clean,4,emg|severe|burst,emg,severe,burst,0.8438730806606556,0.5730636483462418
E,aug,0,emg|severe|burst,emg,severe,burst,0.84805721993772,0.6305897474269296
E,aug,1,emg|severe|burst,emg,severe,burst,0.8465774451038779,0.6205933390771701
E,aug,2,emg|severe|burst,emg,severe,burst,0.8459621767519003,0.6175520691693668
E,aug,3,emg|severe|burst,emg,severe,burst,0.8514763910640859,0.6293965445910811
E,aug,4,emg|severe|burst,emg,severe,burst,0.8474520944420888,0.6277944886659064
E,clean,0,emg|severe|burst,emg,severe,burst,0.8432108538739282,0.5952961960901988
E,clean,1,emg|severe|burst,emg,severe,burst,0.8460690338257126,0.5816871854288302
E,clean,2,emg|severe|burst,emg,severe,burst,0.8419372395140469,0.5981676138363692
E,clean,3,emg|severe|burst,emg,severe,burst,0.8442023593352076,0.5816803617896242
E,clean,4,emg|severe|burst,emg,severe,burst,0.8478831035976461,0.610484961162671
A,aug,0,motion_burst|mild|whole,motion_burst,mild,whole,0.8502698323065818,0.6312268938921195
A,aug,1,motion_burst|mild|whole,motion_burst,mild,whole,0.8487320711454617,0.6229219813503342
A,aug,2,motion_burst|mild|whole,motion_burst,mild,whole,0.8468051869147718,0.6300245649942458
A,aug,3,motion_burst|mild|whole,motion_burst,mild,whole,0.8474063186325713,0.6226760601065626
A,aug,4,motion_burst|mild|whole,motion_burst,mild,whole,0.848419103641038,0.6283141419784922
A,clean,0,motion_burst|mild|whole,motion_burst,mild,whole,0.8524463790665641,0.628225769804728
A,clean,1,motion_burst|mild|whole,motion_burst,mild,whole,0.8492713795488328,0.6267597281132694
A,clean,2,motion_burst|mild|whole,motion_burst,mild,whole,0.8468126901774857,0.6244937762437173
A,clean,3,motion_burst|mild|whole,motion_burst,mild,whole,0.8456009207037953,0.6253879384982415
A,clean,4,motion_burst|mild|whole,motion_burst,mild,whole,0.844049228658499,0.6163710796465954
C,aug,0,motion_burst|mild|whole,motion_burst,mild,whole,0.8468192348385333,0.6287761789469661
C,aug,1,motion_burst|mild|whole,motion_burst,mild,whole,0.8458714346845075,0.6238397832688126
C,aug,2,motion_burst|mild|whole,motion_burst,mild,whole,0.8461093537015516,0.6259718741659365
C,aug,3,motion_burst|mild|whole,motion_burst,mild,whole,0.8475818922519689,0.6272815195855891
C,aug,4,motion_burst|mild|whole,motion_burst,mild,whole,0.8460330023310361,0.6270392885468736
C,clean,0,motion_burst|mild|whole,motion_burst,mild,whole,0.8472155683548991,0.6318596836210063
C,clean,1,motion_burst|mild|whole,motion_burst,mild,whole,0.8459965386837014,0.6264466865683176
C,clean,2,motion_burst|mild|whole,motion_burst,mild,whole,0.8477235036938311,0.6225599969863582
C,clean,3,motion_burst|mild|whole,motion_burst,mild,whole,0.8474521162679018,0.6251183689909682
C,clean,4,motion_burst|mild|whole,motion_burst,mild,whole,0.8463656539514517,0.622973119742284
E,aug,0,motion_burst|mild|whole,motion_burst,mild,whole,0.8497048827077492,0.6338116557045714
E,aug,1,motion_burst|mild|whole,motion_burst,mild,whole,0.8468057527851762,0.6236542033153808
E,aug,2,motion_burst|mild|whole,motion_burst,mild,whole,0.846755175549475,0.6219178690043095
E,aug,3,motion_burst|mild|whole,motion_burst,mild,whole,0.8514784049727308,0.6232785304759692
E,aug,4,motion_burst|mild|whole,motion_burst,mild,whole,0.8470116336329102,0.6234194709410923
E,clean,0,motion_burst|mild|whole,motion_burst,mild,whole,0.8475546616905248,0.6299656792429629
E,clean,1,motion_burst|mild|whole,motion_burst,mild,whole,0.8514955952092425,0.6250050823711917
E,clean,2,motion_burst|mild|whole,motion_burst,mild,whole,0.8482987677056256,0.6276477142986836
E,clean,3,motion_burst|mild|whole,motion_burst,mild,whole,0.8490412579636482,0.6265928593080161
E,clean,4,motion_burst|mild|whole,motion_burst,mild,whole,0.8502774128557832,0.6294195504696631
A,aug,0,motion_burst|mild|burst,motion_burst,mild,burst,0.849413409024258,0.6319267671580197
A,aug,1,motion_burst|mild|burst,motion_burst,mild,burst,0.8471108246472658,0.6212594204927716
A,aug,2,motion_burst|mild|burst,motion_burst,mild,burst,0.8463045884311576,0.6272372061862944
A,aug,3,motion_burst|mild|burst,motion_burst,mild,burst,0.8459392373158708,0.6228170288914853
A,aug,4,motion_burst|mild|burst,motion_burst,mild,burst,0.8472638604063564,0.6226365899277172
A,clean,0,motion_burst|mild|burst,motion_burst,mild,burst,0.8511435808693963,0.6244310962966823
A,clean,1,motion_burst|mild|burst,motion_burst,mild,burst,0.848232228620445,0.6264394115480368
A,clean,2,motion_burst|mild|burst,motion_burst,mild,burst,0.8469058907904113,0.6245666690749669
A,clean,3,motion_burst|mild|burst,motion_burst,mild,burst,0.844804442139328,0.622367732455233
A,clean,4,motion_burst|mild|burst,motion_burst,mild,burst,0.8429978510161551,0.6113459635215348
C,aug,0,motion_burst|mild|burst,motion_burst,mild,burst,0.8476479371334265,0.6279931562198658
C,aug,1,motion_burst|mild|burst,motion_burst,mild,burst,0.8454800594613279,0.6187325150173661
C,aug,2,motion_burst|mild|burst,motion_burst,mild,burst,0.8465501657634821,0.6179899844948189
C,aug,3,motion_burst|mild|burst,motion_burst,mild,burst,0.8470368920269046,0.6218357363337944
C,aug,4,motion_burst|mild|burst,motion_burst,mild,burst,0.8458499557496459,0.6240597303160732
C,clean,0,motion_burst|mild|burst,motion_burst,mild,burst,0.8469031205933554,0.6265990872457556
C,clean,1,motion_burst|mild|burst,motion_burst,mild,burst,0.8460863899860313,0.6198263778527986
C,clean,2,motion_burst|mild|burst,motion_burst,mild,burst,0.8484070984741227,0.622323695975838
C,clean,3,motion_burst|mild|burst,motion_burst,mild,burst,0.8473722589137228,0.6237098682053005
C,clean,4,motion_burst|mild|burst,motion_burst,mild,burst,0.8460642762358678,0.6214852757591537
E,aug,0,motion_burst|mild|burst,motion_burst,mild,burst,0.8498384879955749,0.6329945455724707
E,aug,1,motion_burst|mild|burst,motion_burst,mild,burst,0.8454608399330438,0.6192224158286923
E,aug,2,motion_burst|mild|burst,motion_burst,mild,burst,0.8468105343060568,0.6191576534230819
E,aug,3,motion_burst|mild|burst,motion_burst,mild,burst,0.8509067843905157,0.6226896484823019
E,aug,4,motion_burst|mild|burst,motion_burst,mild,burst,0.8470925412273491,0.6257086731168251
E,clean,0,motion_burst|mild|burst,motion_burst,mild,burst,0.8470165971079572,0.624997654923541
E,clean,1,motion_burst|mild|burst,motion_burst,mild,burst,0.8508932834029956,0.6251402842270297
E,clean,2,motion_burst|mild|burst,motion_burst,mild,burst,0.8483555449827008,0.6239035399466951
E,clean,3,motion_burst|mild|burst,motion_burst,mild,burst,0.8490644357068884,0.6271402203432468
E,clean,4,motion_burst|mild|burst,motion_burst,mild,burst,0.8501239795512815,0.6301556908582234
A,aug,0,motion_burst|moderate|whole,motion_burst,moderate,whole,0.8480623906154012,0.6273613889379743
A,aug,1,motion_burst|moderate|whole,motion_burst,moderate,whole,0.8452278319424338,0.6122092227932134
A,aug,2,motion_burst|moderate|whole,motion_burst,moderate,whole,0.8436702029316164,0.6181901706252674
A,aug,3,motion_burst|moderate|whole,motion_burst,moderate,whole,0.8449627097503891,0.6160508760922699
A,aug,4,motion_burst|moderate|whole,motion_burst,moderate,whole,0.8438534667908584,0.6107129944759405
A,clean,0,motion_burst|moderate|whole,motion_burst,moderate,whole,0.8501580735733247,0.6210024017113396
A,clean,1,motion_burst|moderate|whole,motion_burst,moderate,whole,0.8457062446160435,0.614239769320716
A,clean,2,motion_burst|moderate|whole,motion_burst,moderate,whole,0.8426521372520531,0.6112335438802767
A,clean,3,motion_burst|moderate|whole,motion_burst,moderate,whole,0.8420511641314258,0.6061517354619652
A,clean,4,motion_burst|moderate|whole,motion_burst,moderate,whole,0.8407621817496901,0.6051522929712386
C,aug,0,motion_burst|moderate|whole,motion_burst,moderate,whole,0.8425548344422269,0.6177251579749438
C,aug,1,motion_burst|moderate|whole,motion_burst,moderate,whole,0.8433795209313611,0.6179052687672268
C,aug,2,motion_burst|moderate|whole,motion_burst,moderate,whole,0.8422443197749315,0.6139255054355894
C,aug,3,motion_burst|moderate|whole,motion_burst,moderate,whole,0.8464731197536256,0.6189087063810153
C,aug,4,motion_burst|moderate|whole,motion_burst,moderate,whole,0.8420963160821401,0.6219483338009003
C,clean,0,motion_burst|moderate|whole,motion_burst,moderate,whole,0.8430195283875296,0.6130011511494817
C,clean,1,motion_burst|moderate|whole,motion_burst,moderate,whole,0.8438860837043123,0.6179759729055219
C,clean,2,motion_burst|moderate|whole,motion_burst,moderate,whole,0.843212801258912,0.6110598634736512
C,clean,3,motion_burst|moderate|whole,motion_burst,moderate,whole,0.8454142728887251,0.6141474066664687
C,clean,4,motion_burst|moderate|whole,motion_burst,moderate,whole,0.8427404334435427,0.6107974178979519
E,aug,0,motion_burst|moderate|whole,motion_burst,moderate,whole,0.8457753210055436,0.6237304625684056
E,aug,1,motion_burst|moderate|whole,motion_burst,moderate,whole,0.8450042973570333,0.6158428459723989
E,aug,2,motion_burst|moderate|whole,motion_burst,moderate,whole,0.8424626872186819,0.61579016972738
E,aug,3,motion_burst|moderate|whole,motion_burst,moderate,whole,0.8488537153518754,0.6120461962193995
E,aug,4,motion_burst|moderate|whole,motion_burst,moderate,whole,0.8429570665168548,0.6096845492109024
E,clean,0,motion_burst|moderate|whole,motion_burst,moderate,whole,0.8426855337171728,0.6142007597662046
E,clean,1,motion_burst|moderate|whole,motion_burst,moderate,whole,0.8481136237310931,0.6160520636429797
E,clean,2,motion_burst|moderate|whole,motion_burst,moderate,whole,0.8443787558174959,0.6114949121530364
E,clean,3,motion_burst|moderate|whole,motion_burst,moderate,whole,0.8464278090613023,0.6088059574959392
E,clean,4,motion_burst|moderate|whole,motion_burst,moderate,whole,0.8473230157674994,0.6212022929109555
A,aug,0,motion_burst|moderate|burst,motion_burst,moderate,burst,0.846519036639903,0.6232134817602227
A,aug,1,motion_burst|moderate|burst,motion_burst,moderate,burst,0.8435135437905315,0.612225057266724
A,aug,2,motion_burst|moderate|burst,motion_burst,moderate,burst,0.8429451257280629,0.6193724851966953
A,aug,3,motion_burst|moderate|burst,motion_burst,moderate,burst,0.8430846035019386,0.6093170012499043
A,aug,4,motion_burst|moderate|burst,motion_burst,moderate,burst,0.8433281161901018,0.6094295620687014
A,clean,0,motion_burst|moderate|burst,motion_burst,moderate,burst,0.8482515800735466,0.6195540028590882
A,clean,1,motion_burst|moderate|burst,motion_burst,moderate,burst,0.8457900917099188,0.6128637911824703
A,clean,2,motion_burst|moderate|burst,motion_burst,moderate,burst,0.8433279524864385,0.6033410646423337
A,clean,3,motion_burst|moderate|burst,motion_burst,moderate,burst,0.8421428567221525,0.6117824032147087
A,clean,4,motion_burst|moderate|burst,motion_burst,moderate,burst,0.8398402252561944,0.6068052493797464
C,aug,0,motion_burst|moderate|burst,motion_burst,moderate,burst,0.8429839526213149,0.6157296204914864
C,aug,1,motion_burst|moderate|burst,motion_burst,moderate,burst,0.8432389528307154,0.610717828903705
C,aug,2,motion_burst|moderate|burst,motion_burst,moderate,burst,0.8432626996947837,0.6082040673041713
C,aug,3,motion_burst|moderate|burst,motion_burst,moderate,burst,0.8458227599328039,0.6118572388245773
C,aug,4,motion_burst|moderate|burst,motion_burst,moderate,burst,0.8421754984227467,0.6265484491983407
C,clean,0,motion_burst|moderate|burst,motion_burst,moderate,burst,0.8427853242514672,0.6089847910625747
C,clean,1,motion_burst|moderate|burst,motion_burst,moderate,burst,0.8436185218511106,0.6178468126688631
C,clean,2,motion_burst|moderate|burst,motion_burst,moderate,burst,0.8448404065505312,0.6160267957600105
C,clean,3,motion_burst|moderate|burst,motion_burst,moderate,burst,0.8456281805259177,0.6136282824670293
C,clean,4,motion_burst|moderate|burst,motion_burst,moderate,burst,0.8424272851300344,0.6092145977520478
E,aug,0,motion_burst|moderate|burst,motion_burst,moderate,burst,0.8453725773231545,0.621446124589175
E,aug,1,motion_burst|moderate|burst,motion_burst,moderate,burst,0.8430366262390259,0.6136749592200395
E,aug,2,motion_burst|moderate|burst,motion_burst,moderate,burst,0.8436554561319898,0.609196263572907
E,aug,3,motion_burst|moderate|burst,motion_burst,moderate,burst,0.8481521626847399,0.6102332971901081
E,aug,4,motion_burst|moderate|burst,motion_burst,moderate,burst,0.8432543803286772,0.6127848668196227
E,clean,0,motion_burst|moderate|burst,motion_burst,moderate,burst,0.8419977998891561,0.6168056213294448
E,clean,1,motion_burst|moderate|burst,motion_burst,moderate,burst,0.8479072784520589,0.6117142688544934
E,clean,2,motion_burst|moderate|burst,motion_burst,moderate,burst,0.8451757568880932,0.6116194274255352
E,clean,3,motion_burst|moderate|burst,motion_burst,moderate,burst,0.8466271876252431,0.6090912681190119
E,clean,4,motion_burst|moderate|burst,motion_burst,moderate,burst,0.8470632306717165,0.6199707042553033
A,aug,0,motion_burst|severe|whole,motion_burst,severe,whole,0.8447156523310719,0.614312204666123
A,aug,1,motion_burst|severe|whole,motion_burst,severe,whole,0.8408167663742855,0.6020780357598128
A,aug,2,motion_burst|severe|whole,motion_burst,severe,whole,0.8407347029190111,0.6046813415452104
A,aug,3,motion_burst|severe|whole,motion_burst,severe,whole,0.8418387425097897,0.5989235950306109
A,aug,4,motion_burst|severe|whole,motion_burst,severe,whole,0.8399509240269059,0.5825451186243535
A,clean,0,motion_burst|severe|whole,motion_burst,severe,whole,0.8472009231259552,0.6132205477693956
A,clean,1,motion_burst|severe|whole,motion_burst,severe,whole,0.8414549158349918,0.5958044018749388
A,clean,2,motion_burst|severe|whole,motion_burst,severe,whole,0.8363479596670527,0.5838973687024742
A,clean,3,motion_burst|severe|whole,motion_burst,severe,whole,0.8375262651297721,0.5902142588811842
A,clean,4,motion_burst|severe|whole,motion_burst,severe,whole,0.8366301246972906,0.5858493430013934
C,aug,0,motion_burst|severe|whole,motion_burst,severe,whole,0.8373779433637321,0.6036205578573809
C,aug,1,motion_burst|severe|whole,motion_burst,severe,whole,0.8397571031289995,0.6100043677800129
C,aug,2,motion_burst|severe|whole,motion_burst,severe,whole,0.8364713851988457,0.5981232094427582
C,aug,3,motion_burst|severe|whole,motion_burst,severe,whole,0.8431784016016731,0.6050782830802074
C,aug,4,motion_burst|severe|whole,motion_burst,severe,whole,0.8383428838793971,0.6097359566536645
C,clean,0,motion_burst|severe|whole,motion_burst,severe,whole,0.8372907530955913,0.5935333379369778
C,clean,1,motion_burst|severe|whole,motion_burst,severe,whole,0.8403486836577055,0.6194892173741928
C,clean,2,motion_burst|severe|whole,motion_burst,severe,whole,0.835575235964571,0.5958991429108684
C,clean,3,motion_burst|severe|whole,motion_burst,severe,whole,0.8414675838580699,0.5988696833886077
C,clean,4,motion_burst|severe|whole,motion_burst,severe,whole,0.8383455700447857,0.584891451240056
E,aug,0,motion_burst|severe|whole,motion_burst,severe,whole,0.8400943943247171,0.6102772581326606
E,aug,1,motion_burst|severe|whole,motion_burst,severe,whole,0.8420892103844814,0.6096626543014717
E,aug,2,motion_burst|severe|whole,motion_burst,severe,whole,0.836655565618589,0.6005066934688339
E,aug,3,motion_burst|severe|whole,motion_burst,severe,whole,0.8454903917566987,0.5971888445887005
E,aug,4,motion_burst|severe|whole,motion_burst,severe,whole,0.8387991663732949,0.5835311921248671
E,clean,0,motion_burst|severe|whole,motion_burst,severe,whole,0.835483590652979,0.5970160810451104
E,clean,1,motion_burst|severe|whole,motion_burst,severe,whole,0.8419746267720593,0.5990845290965664
E,clean,2,motion_burst|severe|whole,motion_burst,severe,whole,0.8375540662378624,0.5976576135050296
E,clean,3,motion_burst|severe|whole,motion_burst,severe,whole,0.8412159147122141,0.5895605091084363
E,clean,4,motion_burst|severe|whole,motion_burst,severe,whole,0.8417180994686774,0.6079392279350347
A,aug,0,motion_burst|severe|burst,motion_burst,severe,burst,0.8456013231411278,0.6152742764215522
A,aug,1,motion_burst|severe|burst,motion_burst,severe,burst,0.8424754310116915,0.6120934973294206
A,aug,2,motion_burst|severe|burst,motion_burst,severe,burst,0.8407394609811778,0.6067307348769239
A,aug,3,motion_burst|severe|burst,motion_burst,severe,burst,0.8415937085472738,0.5921084122629844
A,aug,4,motion_burst|severe|burst,motion_burst,severe,burst,0.8414027819587233,0.596362394214754
A,clean,0,motion_burst|severe|burst,motion_burst,severe,burst,0.8474254366514071,0.6111586862186085
A,clean,1,motion_burst|severe|burst,motion_burst,severe,burst,0.8447129019759604,0.6058851923469151
A,clean,2,motion_burst|severe|burst,motion_burst,severe,burst,0.8404470432952638,0.5882222711179037
A,clean,3,motion_burst|severe|burst,motion_burst,severe,burst,0.8406381904466024,0.595899690349385
A,clean,4,motion_burst|severe|burst,motion_burst,severe,burst,0.8385593451974476,0.5991253038919465
C,aug,0,motion_burst|severe|burst,motion_burst,severe,burst,0.840770989273849,0.6087087107605921
C,aug,1,motion_burst|severe|burst,motion_burst,severe,burst,0.843609997567777,0.6014938664885567
C,aug,2,motion_burst|severe|burst,motion_burst,severe,burst,0.8408071922378779,0.6015263605188538
C,aug,3,motion_burst|severe|burst,motion_burst,severe,burst,0.845746795248757,0.6002489689221188
C,aug,4,motion_burst|severe|burst,motion_burst,severe,burst,0.840295931640582,0.6181780946542798
C,clean,0,motion_burst|severe|burst,motion_burst,severe,burst,0.8405857889974673,0.5991743592429077
C,clean,1,motion_burst|severe|burst,motion_burst,severe,burst,0.8434778980677893,0.6138979200521076
C,clean,2,motion_burst|severe|burst,motion_burst,severe,burst,0.8420431280084782,0.6037948897533468
C,clean,3,motion_burst|severe|burst,motion_burst,severe,burst,0.8448585339057963,0.5948499933904821
C,clean,4,motion_burst|severe|burst,motion_burst,severe,burst,0.8402983731005061,0.5996554220649198
E,aug,0,motion_burst|severe|burst,motion_burst,severe,burst,0.843520497955662,0.6108894195276611
E,aug,1,motion_burst|severe|burst,motion_burst,severe,burst,0.8432588025715295,0.6026357600419407
E,aug,2,motion_burst|severe|burst,motion_burst,severe,burst,0.8409935907406896,0.5993378242330835
E,aug,3,motion_burst|severe|burst,motion_burst,severe,burst,0.8474781916431656,0.5998556063436963
E,aug,4,motion_burst|severe|burst,motion_burst,severe,burst,0.8407426925028441,0.5873975134517079
E,clean,0,motion_burst|severe|burst,motion_burst,severe,burst,0.839147894260682,0.6021359106942477
E,clean,1,motion_burst|severe|burst,motion_burst,severe,burst,0.84607766776717,0.6008384733292279
E,clean,2,motion_burst|severe|burst,motion_burst,severe,burst,0.8423874921785597,0.5988341598527838
E,clean,3,motion_burst|severe|burst,motion_burst,severe,burst,0.8450957262675687,0.5993761096515764
E,clean,4,motion_burst|severe|burst,motion_burst,severe,burst,0.8451836975569036,0.6123423531893583
A,aug,0,dropout|mild|na,dropout,mild,na,0.8510943158053381,0.6320806142316892
A,aug,1,dropout|mild|na,dropout,mild,na,0.8485972618858968,0.6269002407631563
A,aug,2,dropout|mild|na,dropout,mild,na,0.8489182806163065,0.6337373475924417
A,aug,3,dropout|mild|na,dropout,mild,na,0.8474321763134369,0.6263503797629895
A,aug,4,dropout|mild|na,dropout,mild,na,0.849118518354695,0.6271098973913598
A,clean,0,dropout|mild|na,dropout,mild,na,0.8526451342612134,0.6273601788117371
A,clean,1,dropout|mild|na,dropout,mild,na,0.849078043303596,0.6270883027414634
A,clean,2,dropout|mild|na,dropout,mild,na,0.8463081654052147,0.624506779131089
A,clean,3,dropout|mild|na,dropout,mild,na,0.8451083996934186,0.6243812147830831
A,clean,4,dropout|mild|na,dropout,mild,na,0.8440431734942404,0.6155842473828507
C,aug,0,dropout|mild|na,dropout,mild,na,0.8474365276320587,0.6259780554897402
C,aug,1,dropout|mild|na,dropout,mild,na,0.8467399055467857,0.6219522827852674
C,aug,2,dropout|mild|na,dropout,mild,na,0.8464134860836208,0.6262915132762792
C,aug,3,dropout|mild|na,dropout,mild,na,0.8471234002355782,0.626656100792028
C,aug,4,dropout|mild|na,dropout,mild,na,0.8467452755968387,0.6255591869175302
C,clean,0,dropout|mild|na,dropout,mild,na,0.847446757954257,0.6343733625919159
C,clean,1,dropout|mild|na,dropout,mild,na,0.8477632025464461,0.6258788145824592
C,clean,2,dropout|mild|na,dropout,mild,na,0.8476377467680084,0.6250060943281192
C,clean,3,dropout|mild|na,dropout,mild,na,0.8471871161260776,0.6283262280798032
C,clean,4,dropout|mild|na,dropout,mild,na,0.8470319998160811,0.6193117092868019
E,aug,0,dropout|mild|na,dropout,mild,na,0.8503492687886665,0.631067077322651
E,aug,1,dropout|mild|na,dropout,mild,na,0.8476204780323224,0.6280061412583997
E,aug,2,dropout|mild|na,dropout,mild,na,0.846571779167631,0.6241312719652354
E,aug,3,dropout|mild|na,dropout,mild,na,0.851631461501648,0.6287407023730159
E,aug,4,dropout|mild|na,dropout,mild,na,0.8475749880779002,0.6262874189605465
E,clean,0,dropout|mild|na,dropout,mild,na,0.8476081872882893,0.6268256341036141
E,clean,1,dropout|mild|na,dropout,mild,na,0.8514329339522817,0.6308072364256091
E,clean,2,dropout|mild|na,dropout,mild,na,0.8485517494211203,0.6291985456161027
E,clean,3,dropout|mild|na,dropout,mild,na,0.8489384418653024,0.6296788418208071
E,clean,4,dropout|mild|na,dropout,mild,na,0.8510372528504735,0.6311879982371182
A,aug,0,dropout|moderate|na,dropout,moderate,na,0.850188211405567,0.6296779145704253
A,aug,1,dropout|moderate|na,dropout,moderate,na,0.8477689170004756,0.6270451756330957
A,aug,2,dropout|moderate|na,dropout,moderate,na,0.8480132509281872,0.6278943399711074
A,aug,3,dropout|moderate|na,dropout,moderate,na,0.8458725885138305,0.6219189059845183
A,aug,4,dropout|moderate|na,dropout,moderate,na,0.8480710491967898,0.6163019671034645
A,clean,0,dropout|moderate|na,dropout,moderate,na,0.8514829002332467,0.6183389757514792
A,clean,1,dropout|moderate|na,dropout,moderate,na,0.8487913159685803,0.6244523087643563
A,clean,2,dropout|moderate|na,dropout,moderate,na,0.8452208639848309,0.6197447358486874
A,clean,3,dropout|moderate|na,dropout,moderate,na,0.8438726456144268,0.6168884817016398
A,clean,4,dropout|moderate|na,dropout,moderate,na,0.8425911384516326,0.6042187010569957
C,aug,0,dropout|moderate|na,dropout,moderate,na,0.8469610186434557,0.6228169723550451
C,aug,1,dropout|moderate|na,dropout,moderate,na,0.8464505568732751,0.6191744038203368
C,aug,2,dropout|moderate|na,dropout,moderate,na,0.8456112602410133,0.623056646303973
C,aug,3,dropout|moderate|na,dropout,moderate,na,0.8464348052480041,0.6217241772551039
C,aug,4,dropout|moderate|na,dropout,moderate,na,0.8455221984143281,0.6173020925540088
C,clean,0,dropout|moderate|na,dropout,moderate,na,0.8463213205360773,0.6268952215475735
C,clean,1,dropout|moderate|na,dropout,moderate,na,0.8462239532350424,0.6199863274997526
C,clean,2,dropout|moderate|na,dropout,moderate,na,0.846332167206431,0.624040829821044
C,clean,3,dropout|moderate|na,dropout,moderate,na,0.846126089534142,0.6272144329767619
C,clean,4,dropout|moderate|na,dropout,moderate,na,0.8457353407075292,0.6128713597723099
E,aug,0,dropout|moderate|na,dropout,moderate,na,0.8497911469058433,0.6299011476575018
E,aug,1,dropout|moderate|na,dropout,moderate,na,0.8475647292631459,0.6275454224277539
E,aug,2,dropout|moderate|na,dropout,moderate,na,0.8454411011698089,0.6243369928434083
E,aug,3,dropout|moderate|na,dropout,moderate,na,0.8508277219023803,0.6232858729065662
E,aug,4,dropout|moderate|na,dropout,moderate,na,0.8465245538830801,0.6202267559564347
E,clean,0,dropout|moderate|na,dropout,moderate,na,0.8471374611673541,0.6240540781503623
E,clean,1,dropout|moderate|na,dropout,moderate,na,0.8506419086103655,0.6155067432697848
E,clean,2,dropout|moderate|na,dropout,moderate,na,0.8474759977121005,0.622290045096739
E,clean,3,dropout|moderate|na,dropout,moderate,na,0.8483388248753169,0.6240059490558669
E,clean,4,dropout|moderate|na,dropout,moderate,na,0.8502938788404817,0.6276628557083584
A,aug,0,dropout|severe|na,dropout,severe,na,0.8487182433366074,0.6210621311209821
A,aug,1,dropout|severe|na,dropout,severe,na,0.846144904391134,0.6188453033792709
A,aug,2,dropout|severe|na,dropout,severe,na,0.8464006227927744,0.6123655756090977
A,aug,3,dropout|severe|na,dropout,severe,na,0.8448775411409656,0.6108224756599555
A,aug,4,dropout|severe|na,dropout,severe,na,0.8462812491994839,0.5848798080278048
A,clean,0,dropout|severe|na,dropout,severe,na,0.8499153866274181,0.5976703093560501
A,clean,1,dropout|severe|na,dropout,severe,na,0.8467260609736524,0.6143444789177225
A,clean,2,dropout|severe|na,dropout,severe,na,0.8445913302390757,0.6013954544808289
A,clean,3,dropout|severe|na,dropout,severe,na,0.8425254493612675,0.5972788655433037
A,clean,4,dropout|severe|na,dropout,severe,na,0.8411064512585412,0.5618911234276193
C,aug,0,dropout|severe|na,dropout,severe,na,0.8461373491892618,0.6081918643031609
C,aug,1,dropout|severe|na,dropout,severe,na,0.845411786304966,0.6096862542827788
C,aug,2,dropout|severe|na,dropout,severe,na,0.8445638698963492,0.6129966684800111
C,aug,3,dropout|severe|na,dropout,severe,na,0.8450762120546591,0.6162966895871471
C,aug,4,dropout|severe|na,dropout,severe,na,0.8442082116323029,0.6139172208482806
C,clean,0,dropout|severe|na,dropout,severe,na,0.8451696573017212,0.5921235504695836
C,clean,1,dropout|severe|na,dropout,severe,na,0.8442100244860968,0.5429022488513159
C,clean,2,dropout|severe|na,dropout,severe,na,0.8456959624851834,0.6103592181505014
C,clean,3,dropout|severe|na,dropout,severe,na,0.8453028476106234,0.613548730361893
C,clean,4,dropout|severe|na,dropout,severe,na,0.8442138729159524,0.5869261091832925
E,aug,0,dropout|severe|na,dropout,severe,na,0.8488197201104495,0.6158285797533318
E,aug,1,dropout|severe|na,dropout,severe,na,0.8464479592370715,0.6120349458267718
E,aug,2,dropout|severe|na,dropout,severe,na,0.8443145534984007,0.6167406581935888
E,aug,3,dropout|severe|na,dropout,severe,na,0.8491160109261061,0.6045778262954464
E,aug,4,dropout|severe|na,dropout,severe,na,0.8445418329653729,0.602272391990075
E,clean,0,dropout|severe|na,dropout,severe,na,0.8455737197328833,0.6044523582809532
E,clean,1,dropout|severe|na,dropout,severe,na,0.8492551057018739,0.495272579383401
E,clean,2,dropout|severe|na,dropout,severe,na,0.8465220957433836,0.6021852564134157
E,clean,3,dropout|severe|na,dropout,severe,na,0.8477906064095935,0.6163753086772396
E,clean,4,dropout|severe|na,dropout,severe,na,0.8488649487111137,0.6103829850494907
A,aug,0,mixed|mild|whole,mixed,mild,whole,0.8504559064026325,0.6298856375751299
A,aug,1,mixed|mild|whole,mixed,mild,whole,0.8477849045910897,0.6229444698579658
A,aug,2,mixed|mild|whole,mixed,mild,whole,0.8469377368976124,0.631142082379746
A,aug,3,mixed|mild|whole,mixed,mild,whole,0.8467906439979123,0.6274915959741225
A,aug,4,mixed|mild|whole,mixed,mild,whole,0.8485013606488547,0.6282835371755418
A,clean,0,mixed|mild|whole,mixed,mild,whole,0.8490252911301068,0.6274405911178438
A,clean,1,mixed|mild|whole,mixed,mild,whole,0.8428983259637375,0.6217179870381891
A,clean,2,mixed|mild|whole,mixed,mild,whole,0.8427984457742543,0.62621768869097
A,clean,3,mixed|mild|whole,mixed,mild,whole,0.8435840226081315,0.6213164482782612
A,clean,4,mixed|mild|whole,mixed,mild,whole,0.8408190018431305,0.6163541194732993
C,aug,0,mixed|mild|whole,mixed,mild,whole,0.8475594927170581,0.6285716036570931
C,aug,1,mixed|mild|whole,mixed,mild,whole,0.846168481773111,0.6204960808707003
C,aug,2,mixed|mild|whole,mixed,mild,whole,0.8462163357740415,0.626490579409057
C,aug,3,mixed|mild|whole,mixed,mild,whole,0.8477691582815892,0.6328979667495568
C,aug,4,mixed|mild|whole,mixed,mild,whole,0.8466310872635185,0.6246893903127371
C,clean,0,mixed|mild|whole,mixed,mild,whole,0.8404418437873442,0.6225740584839545
C,clean,1,mixed|mild|whole,mixed,mild,whole,0.8389382709286194,0.6151028967020042
C,clean,2,mixed|mild|whole,mixed,mild,whole,0.8433766538267585,0.6210327132143949
C,clean,3,mixed|mild|whole,mixed,mild,whole,0.8434730880384109,0.6244061064817436
C,clean,4,mixed|mild|whole,mixed,mild,whole,0.8406210123901255,0.6167429376898724
E,aug,0,mixed|mild|whole,mixed,mild,whole,0.8498507315195647,0.6307733637461589
E,aug,1,mixed|mild|whole,mixed,mild,whole,0.8471122456942888,0.6253896463865306
E,aug,2,mixed|mild|whole,mixed,mild,whole,0.8469711836956237,0.6229655972640422
E,aug,3,mixed|mild|whole,mixed,mild,whole,0.8515233666154547,0.6265259140936587
E,aug,4,mixed|mild|whole,mixed,mild,whole,0.8475904942915744,0.6295997872725595
E,clean,0,mixed|mild|whole,mixed,mild,whole,0.8385784446342825,0.6170576608334457
E,clean,1,mixed|mild|whole,mixed,mild,whole,0.846792175764975,0.6188618041788331
E,clean,2,mixed|mild|whole,mixed,mild,whole,0.8441758723982167,0.6246515165311648
E,clean,3,mixed|mild|whole,mixed,mild,whole,0.8455197205179423,0.6232662032409415
E,clean,4,mixed|mild|whole,mixed,mild,whole,0.8464697818682033,0.6259117483206472
A,aug,0,mixed|mild|burst,mixed,mild,burst,0.8507543692635711,0.6308398614348879
A,aug,1,mixed|mild|burst,mixed,mild,burst,0.8490385126853344,0.6242670947286405
A,aug,2,mixed|mild|burst,mixed,mild,burst,0.8477597720819506,0.6261904317982927
A,aug,3,mixed|mild|burst,mixed,mild,burst,0.8477763582586508,0.6296725332519404
A,aug,4,mixed|mild|burst,mixed,mild,burst,0.8489577136270459,0.6252979657687602
A,clean,0,mixed|mild|burst,mixed,mild,burst,0.8527223320953958,0.629531280334726
A,clean,1,mixed|mild|burst,mixed,mild,burst,0.8496425069508998,0.6305792056515952
A,clean,2,mixed|mild|burst,mixed,mild,burst,0.8464921610345126,0.63005245886782
A,clean,3,mixed|mild|burst,mixed,mild,burst,0.8458390759630264,0.6266129899743417
A,clean,4,mixed|mild|burst,mixed,mild,burst,0.8443473757630061,0.616636415043743
C,aug,0,mixed|mild|burst,mixed,mild,burst,0.8482325846458089,0.6292748118366926
C,aug,1,mixed|mild|burst,mixed,mild,burst,0.846815260273126,0.6249544082369141
C,aug,2,mixed|mild|burst,mixed,mild,burst,0.8468003629881815,0.6278288618870695
C,aug,3,mixed|mild|burst,mixed,mild,burst,0.8481388120572623,0.6255796659496923
C,aug,4,mixed|mild|burst,mixed,mild,burst,0.8470574911991866,0.6253052496391465
C,clean,0,mixed|mild|burst,mixed,mild,burst,0.8469857461565669,0.6285135503410848
C,clean,1,mixed|mild|burst,mixed,mild,burst,0.8472375708519266,0.622187475274447
C,clean,2,mixed|mild|burst,mixed,mild,burst,0.8478034973862348,0.627474172092042
C,clean,3,mixed|mild|burst,mixed,mild,burst,0.8481358846769608,0.630220733245656
C,clean,4,mixed|mild|burst,mixed,mild,burst,0.8473102360740619,0.6220732367145787
E,aug,0,mixed|mild|burst,mixed,mild,burst,0.8506330035990304,0.6322580122842679
E,aug,1,mixed|mild|burst,mixed,mild,burst,0.847337223564384,0.6237035508275925
E,aug,2,mixed|mild|burst,mixed,mild,burst,0.8471102961145128,0.6218856256184786
E,aug,3,mixed|mild|burst,mixed,mild,burst,0.8520051358439359,0.6282343947801554
E,aug,4,mixed|mild|burst,mixed,mild,burst,0.8476876836949758,0.6285148868201778
E,clean,0,mixed|mild|burst,mixed,mild,burst,0.8470200566136737,0.6234253610696665
E,clean,1,mixed|mild|burst,mixed,mild,burst,0.8514748743279196,0.6277752465170487
E,clean,2,mixed|mild|burst,mixed,mild,burst,0.8485462366836177,0.6330223230240967
E,clean,3,mixed|mild|burst,mixed,mild,burst,0.8492158009710249,0.6299194235978108
E,clean,4,mixed|mild|burst,mixed,mild,burst,0.8505320949211397,0.6360708275761171
A,aug,0,mixed|moderate|whole,mixed,moderate,whole,0.8466740300852933,0.6222941834273693
A,aug,1,mixed|moderate|whole,mixed,moderate,whole,0.8440778071350232,0.6188994162680401
A,aug,2,mixed|moderate|whole,mixed,moderate,whole,0.8433123677211688,0.6169562399530255
A,aug,3,mixed|moderate|whole,mixed,moderate,whole,0.8431831493048503,0.61824044193234
A,aug,4,mixed|moderate|whole,mixed,moderate,whole,0.8440850822796637,0.6172480354864647
A,clean,0,mixed|moderate|whole,mixed,moderate,whole,0.8353043183020329,0.6028617810096526
A,clean,1,mixed|moderate|whole,mixed,moderate,whole,0.8272661068525535,0.5874887541969845
A,clean,2,mixed|moderate|whole,mixed,moderate,whole,0.8319688393855553,0.6098619976514275
A,clean,3,mixed|moderate|whole,mixed,moderate,whole,0.8322894716475799,0.6029580689679186
A,clean,4,mixed|moderate|whole,mixed,moderate,whole,0.8244202712335162,0.5936168853018379
C,aug,0,mixed|moderate|whole,mixed,moderate,whole,0.8433624881150091,0.6220647816251709
C,aug,1,mixed|moderate|whole,mixed,moderate,whole,0.8435811016498993,0.6180678293628722
C,aug,2,mixed|moderate|whole,mixed,moderate,whole,0.8424842885795314,0.6193480625531992
C,aug,3,mixed|moderate|whole,mixed,moderate,whole,0.8449744294227373,0.62391428258107
C,aug,4,mixed|moderate|whole,mixed,moderate,whole,0.8428687319532863,0.6207254194610123
C,clean,0,mixed|moderate|whole,mixed,moderate,whole,0.8266991663883758,0.5956193441030615
C,clean,1,mixed|moderate|whole,mixed,moderate,whole,0.8332767730257125,0.6010343104252718
C,clean,2,mixed|moderate|whole,mixed,moderate,whole,0.826438139336352,0.6122167488151191
C,clean,3,mixed|moderate|whole,mixed,moderate,whole,0.8298984181801815,0.6078499050033473
C,clean,4,mixed|moderate|whole,mixed,moderate,whole,0.8224374254787582,0.5758786951808912
E,aug,0,mixed|moderate|whole,mixed,moderate,whole,0.8452613745690428,0.626412900158537
E,aug,1,mixed|moderate|whole,mixed,moderate,whole,0.8449116657125575,0.6178370824742603
E,aug,2,mixed|moderate|whole,mixed,moderate,whole,0.8436065646035423,0.6161227777208629
E,aug,3,mixed|moderate|whole,mixed,moderate,whole,0.8480212640930913,0.6213602288894772
E,aug,4,mixed|moderate|whole,mixed,moderate,whole,0.8437092668253229,0.6210667093703338
E,clean,0,mixed|moderate|whole,mixed,moderate,whole,0.8196167471759862,0.5783238854601611
E,clean,1,mixed|moderate|whole,mixed,moderate,whole,0.8360992180154503,0.5913309683206285
E,clean,2,mixed|moderate|whole,mixed,moderate,whole,0.8261617735215516,0.6021193679940998
E,clean,3,mixed|moderate|whole,mixed,moderate,whole,0.8226717586278687,0.5720759386846619
E,clean,4,mixed|moderate|whole,mixed,moderate,whole,0.8357508766607855,0.6043863998138911
A,aug,0,mixed|moderate|burst,mixed,moderate,burst,0.8488087729364228,0.6314193308480849
A,aug,1,mixed|moderate|burst,mixed,moderate,burst,0.8468584899197978,0.6228294284156721
A,aug,2,mixed|moderate|burst,mixed,moderate,burst,0.8449706641293698,0.626703136844601
A,aug,3,mixed|moderate|burst,mixed,moderate,burst,0.8460481736043473,0.626288442370059
A,aug,4,mixed|moderate|burst,mixed,moderate,burst,0.8470232531646005,0.6185047351241479
A,clean,0,mixed|moderate|burst,mixed,moderate,burst,0.8503096609066672,0.62557421768538
A,clean,1,mixed|moderate|burst,mixed,moderate,burst,0.8463563548326759,0.6207258530614758
A,clean,2,mixed|moderate|burst,mixed,moderate,burst,0.843620293122464,0.623491617284252
A,clean,3,mixed|moderate|burst,mixed,moderate,burst,0.8436642677447154,0.6190033217065238
A,clean,4,mixed|moderate|burst,mixed,moderate,burst,0.8412177078496563,0.6137529883026961
C,aug,0,mixed|moderate|burst,mixed,moderate,burst,0.8449583739686982,0.6278621016192756
C,aug,1,mixed|moderate|burst,mixed,moderate,burst,0.8449125387646701,0.6213406924797025
C,aug,2,mixed|moderate|burst,mixed,moderate,burst,0.8451816663086964,0.6234296886514857
C,aug,3,mixed|moderate|burst,mixed,moderate,burst,0.8467465563951577,0.624775547326544
C,aug,4,mixed|moderate|burst,mixed,moderate,burst,0.8447224868178772,0.6257751207914255
C,clean,0,mixed|moderate|burst,mixed,moderate,burst,0.843985835438301,0.6270654760077004
C,clean,1,mixed|moderate|burst,mixed,moderate,burst,0.8459314681990037,0.6233599435744271
C,clean,2,mixed|moderate|burst,mixed,moderate,burst,0.8443463051540704,0.6319334726235362
C,clean,3,mixed|moderate|burst,mixed,moderate,burst,0.8456464601382931,0.6240053199968655
C,clean,4,mixed|moderate|burst,mixed,moderate,burst,0.8449597884941149,0.6171233891503837
E,aug,0,mixed|moderate|burst,mixed,moderate,burst,0.8480446913410148,0.6261307139979185
E,aug,1,mixed|moderate|burst,mixed,moderate,burst,0.8454793762339048,0.6192969695609498
E,aug,2,mixed|moderate|burst,mixed,moderate,burst,0.8456231798970153,0.6264269621047187
E,aug,3,mixed|moderate|burst,mixed,moderate,burst,0.849946938534071,0.6254112886447475
E,aug,4,mixed|moderate|burst,mixed,moderate,burst,0.8449815886243817,0.6243544348729164
E,clean,0,mixed|moderate|burst,mixed,moderate,burst,0.842532338832205,0.6137852538365581
E,clean,1,mixed|moderate|burst,mixed,moderate,burst,0.8491548678757145,0.6223222266007031
E,clean,2,mixed|moderate|burst,mixed,moderate,burst,0.8452695467637564,0.6297765649891803
E,clean,3,mixed|moderate|burst,mixed,moderate,burst,0.8460326248247305,0.6240418421389106
E,clean,4,mixed|moderate|burst,mixed,moderate,burst,0.8488429328166041,0.6309724149571296
A,aug,0,mixed|severe|whole,mixed,severe,whole,0.841699714838894,0.6149921780110786
A,aug,1,mixed|severe|whole,mixed,severe,whole,0.8383072899241993,0.6048625053216258
A,aug,2,mixed|severe|whole,mixed,severe,whole,0.8378149655689807,0.6090019931777624
A,aug,3,mixed|severe|whole,mixed,severe,whole,0.8377313617461766,0.6040316592246222
A,aug,4,mixed|severe|whole,mixed,severe,whole,0.8389298920383558,0.6073550882895664
A,clean,0,mixed|severe|whole,mixed,severe,whole,0.7974808056768886,0.4888966459349883
A,clean,1,mixed|severe|whole,mixed,severe,whole,0.8061034583320407,0.5131973412559347
A,clean,2,mixed|severe|whole,mixed,severe,whole,0.816858278128602,0.5406078427008544
A,clean,3,mixed|severe|whole,mixed,severe,whole,0.8138385301934212,0.5470880603310665
A,clean,4,mixed|severe|whole,mixed,severe,whole,0.8008808365050971,0.5027423342125192
C,aug,0,mixed|severe|whole,mixed,severe,whole,0.8363551332203908,0.6148147611894872
C,aug,1,mixed|severe|whole,mixed,severe,whole,0.8389956758078945,0.611560228070329
C,aug,2,mixed|severe|whole,mixed,severe,whole,0.8345057784854861,0.6067954513144203
C,aug,3,mixed|severe|whole,mixed,severe,whole,0.840287928380417,0.613295269401182
C,aug,4,mixed|severe|whole,mixed,severe,whole,0.8375631310446741,0.6197116509897878
C,clean,0,mixed|severe|whole,mixed,severe,whole,0.7904678631460232,0.4537775814436175
C,clean,1,mixed|severe|whole,mixed,severe,whole,0.8082653824802289,0.5443274439966027
C,clean,2,mixed|severe|whole,mixed,severe,whole,0.8044043354546015,0.5561833719625178
C,clean,3,mixed|severe|whole,mixed,severe,whole,0.8170228334293557,0.5649940817298694
C,clean,4,mixed|severe|whole,mixed,severe,whole,0.7867378450674173,0.4444271488953401
E,aug,0,mixed|severe|whole,mixed,severe,whole,0.8376382827887475,0.6189977056186098
E,aug,1,mixed|severe|whole,mixed,severe,whole,0.8402398430938748,0.6136749207601853
E,aug,2,mixed|severe|whole,mixed,severe,whole,0.8368965261241677,0.6001700025081841
E,aug,3,mixed|severe|whole,mixed,severe,whole,0.8434099053692836,0.6144261082295842
E,aug,4,mixed|severe|whole,mixed,severe,whole,0.8367302988631646,0.6040203365346088
E,clean,0,mixed|severe|whole,mixed,severe,whole,0.7862888220799364,0.48012410444253506
E,clean,1,mixed|severe|whole,mixed,severe,whole,0.7848643499727256,0.4712321988861509
E,clean,2,mixed|severe|whole,mixed,severe,whole,0.8064148912853628,0.5543879083795652
E,clean,3,mixed|severe|whole,mixed,severe,whole,0.7809696934545195,0.4650598710771895
E,clean,4,mixed|severe|whole,mixed,severe,whole,0.8135115674814118,0.5584388299595423
A,aug,0,mixed|severe|burst,mixed,severe,burst,0.846575612912581,0.6270200751990427
A,aug,1,mixed|severe|burst,mixed,severe,burst,0.8439866415973233,0.6223502773858985
A,aug,2,mixed|severe|burst,mixed,severe,burst,0.8419122251659414,0.6213764990908027
A,aug,3,mixed|severe|burst,mixed,severe,burst,0.8430414964413941,0.6200328512232249
A,aug,4,mixed|severe|burst,mixed,severe,burst,0.8450087816259636,0.6137355086590222
A,clean,0,mixed|severe|burst,mixed,severe,burst,0.8479152012680841,0.6090620906916153
A,clean,1,mixed|severe|burst,mixed,severe,burst,0.8454589641500286,0.6151571413092342
A,clean,2,mixed|severe|burst,mixed,severe,burst,0.8412382431843669,0.6022465258163894
A,clean,3,mixed|severe|burst,mixed,severe,burst,0.841493348858209,0.6082948932221968
A,clean,4,mixed|severe|burst,mixed,severe,burst,0.8393195170978295,0.6031525493475157
C,aug,0,mixed|severe|burst,mixed,severe,burst,0.8415759539509363,0.6199521140489056
C,aug,1,mixed|severe|burst,mixed,severe,burst,0.8420358428312866,0.6170828163233877
C,aug,2,mixed|severe|burst,mixed,severe,burst,0.8416119131969472,0.6198513466102771
C,aug,3,mixed|severe|burst,mixed,severe,burst,0.8442784141997581,0.6183853278157011
C,aug,4,mixed|severe|burst,mixed,severe,burst,0.8418747584515899,0.6271574513886544
C,clean,0,mixed|severe|burst,mixed,severe,burst,0.8410068293972172,0.6003169984033148
C,clean,1,mixed|severe|burst,mixed,severe,burst,0.8421538545592012,0.621037373393964
C,clean,2,mixed|severe|burst,mixed,severe,burst,0.8394083964663326,0.6164961681555483
C,clean,3,mixed|severe|burst,mixed,severe,burst,0.842849953889335,0.6142769800237282
C,clean,4,mixed|severe|burst,mixed,severe,burst,0.841508625007112,0.6018991433943224
E,aug,0,mixed|severe|burst,mixed,severe,burst,0.8448596699378481,0.6254176764200586
E,aug,1,mixed|severe|burst,mixed,severe,burst,0.8425770323589399,0.6126090515258367
E,aug,2,mixed|severe|burst,mixed,severe,burst,0.8424350003070282,0.6153666408290742
E,aug,3,mixed|severe|burst,mixed,severe,burst,0.8476068010792863,0.6148461577090838
E,aug,4,mixed|severe|burst,mixed,severe,burst,0.8416706844368432,0.613301063396477
E,clean,0,mixed|severe|burst,mixed,severe,burst,0.8389697579803753,0.6053661171819739
E,clean,1,mixed|severe|burst,mixed,severe,burst,0.8441699216224569,0.5990528237381418
E,clean,2,mixed|severe|burst,mixed,severe,burst,0.8419236175527395,0.6173722796606176
E,clean,3,mixed|severe|burst,mixed,severe,burst,0.841611972333663,0.6070924627253759
E,clean,4,mixed|severe|burst,mixed,severe,burst,0.8462846188054574,0.6213816252566234
