variant,regime,seed,condition,family,severity,mode,subset,n,mean_r
E,aug,0,clean,clean,none,none,all,2158,0.5880059003829956
E,aug,0,clean,clean,none,none,clean_norm,912,0.6264327764511108
E,aug,0,clean,clean,none,none,clean_abnormal,1195,0.5575835704803467
E,aug,0,baseline_wander|mild|whole,baseline_wander,mild,whole,all,2158,0.5880230665206909
E,aug,0,baseline_wander|mild|burst,baseline_wander,mild,burst,all,2158,0.5879045128822327
E,aug,0,baseline_wander|moderate|whole,baseline_wander,moderate,whole,all,2158,0.588157594203949
E,aug,0,baseline_wander|moderate|burst,baseline_wander,moderate,burst,all,2158,0.5874835848808289
E,aug,0,baseline_wander|severe|whole,baseline_wander,severe,whole,all,2158,0.5886148810386658
E,aug,0,baseline_wander|severe|burst,baseline_wander,severe,burst,all,2158,0.5871723294258118
E,aug,0,emg|mild|whole,emg,mild,whole,all,2158,0.5884531140327454
E,aug,0,emg|mild|burst,emg,mild,burst,all,2158,0.5881991386413574
E,aug,0,emg|moderate|whole,emg,moderate,whole,all,2158,0.589044451713562
E,aug,0,emg|moderate|burst,emg,moderate,burst,all,2158,0.5884248614311218
E,aug,0,emg|severe|whole,emg,severe,whole,all,2158,0.586719274520874
E,aug,0,emg|severe|burst,emg,severe,burst,all,2158,0.5876957774162292
E,aug,0,motion_burst|mild|whole,motion_burst,mild,whole,all,2158,0.5869624614715576
E,aug,0,motion_burst|mild|burst,motion_burst,mild,burst,all,2158,0.5874913930892944
E,aug,0,motion_burst|moderate|whole,motion_burst,moderate,whole,all,2158,0.583408772945404
E,aug,0,motion_burst|moderate|burst,motion_burst,moderate,burst,all,2158,0.5837843418121338
E,aug,0,motion_burst|severe|whole,motion_burst,severe,whole,all,2158,0.5812317132949829
E,aug,0,motion_burst|severe|burst,motion_burst,severe,burst,all,2158,0.5799017548561096
E,aug,0,dropout|mild|na,dropout,mild,na,all,2158,0.584011435508728
E,aug,0,dropout|moderate|na,dropout,moderate,na,all,2158,0.5776563882827759
E,aug,0,dropout|severe|na,dropout,severe,na,all,2158,0.558594822883606
E,aug,0,mixed|mild|whole,mixed,mild,whole,all,2158,0.5878005623817444
E,aug,0,mixed|mild|burst,mixed,mild,burst,all,2158,0.5879606008529663
E,aug,0,mixed|moderate|whole,mixed,moderate,whole,all,2158,0.5866245627403259
E,aug,0,mixed|moderate|burst,mixed,moderate,burst,all,2158,0.5865337252616882
E,aug,0,mixed|severe|whole,mixed,severe,whole,all,2158,0.5843268036842346
E,aug,0,mixed|severe|burst,mixed,severe,burst,all,2158,0.5840010046958923
E,aug,1,clean,clean,none,none,all,2158,0.6531389951705933
E,aug,1,clean,clean,none,none,clean_norm,912,0.6515272855758667
E,aug,1,clean,clean,none,none,clean_abnormal,1195,0.6544522643089294
E,aug,1,baseline_wander|mild|whole,baseline_wander,mild,whole,all,2158,0.6531309485435486
E,aug,1,baseline_wander|mild|burst,baseline_wander,mild,burst,all,2158,0.6531007289886475
E,aug,1,baseline_wander|moderate|whole,baseline_wander,moderate,whole,all,2158,0.653069019317627
E,aug,1,baseline_wander|moderate|burst,baseline_wander,moderate,burst,all,2158,0.6529367566108704
E,aug,1,baseline_wander|severe|whole,baseline_wander,severe,whole,all,2158,0.652884840965271
E,aug,1,baseline_wander|severe|burst,baseline_wander,severe,burst,all,2158,0.6526379585266113
E,aug,1,emg|mild|whole,emg,mild,whole,all,2158,0.6538636088371277
E,aug,1,emg|mild|burst,emg,mild,burst,all,2158,0.6533456444740295
E,aug,1,emg|moderate|whole,emg,moderate,whole,all,2158,0.6546080708503723
E,aug,1,emg|moderate|burst,emg,moderate,burst,all,2158,0.653579831123352
E,aug,1,emg|severe|whole,emg,severe,whole,all,2158,0.6550261974334717
E,aug,1,emg|severe|burst,emg,severe,burst,all,2158,0.6538960337638855
E,aug,1,motion_burst|mild|whole,motion_burst,mild,whole,all,2158,0.6525758504867554
E,aug,1,motion_burst|mild|burst,motion_burst,mild,burst,all,2158,0.6526808142662048
E,aug,1,motion_burst|moderate|whole,motion_burst,moderate,whole,all,2158,0.6522595882415771
E,aug,1,motion_burst|moderate|burst,motion_burst,moderate,burst,all,2158,0.6523302793502808
E,aug,1,motion_burst|severe|whole,motion_burst,severe,whole,all,2158,0.6526361703872681
E,aug,1,motion_burst|severe|burst,motion_burst,severe,burst,all,2158,0.6527814865112305
E,aug,1,dropout|mild|na,dropout,mild,na,all,2158,0.6520823836326599
E,aug,1,dropout|moderate|na,dropout,moderate,na,all,2158,0.6504912972450256
E,aug,1,dropout|severe|na,dropout,severe,na,all,2158,0.646460771560669
E,aug,1,mixed|mild|whole,mixed,mild,whole,all,2158,0.6532512903213501
E,aug,1,mixed|mild|burst,mixed,mild,burst,all,2158,0.6530228853225708
E,aug,1,mixed|moderate|whole,mixed,moderate,whole,all,2158,0.6532447934150696
E,aug,1,mixed|moderate|burst,mixed,moderate,burst,all,2158,0.6527793407440186
E,aug,1,mixed|severe|whole,mixed,severe,whole,all,2158,0.6534314751625061
E,aug,1,mixed|severe|burst,mixed,severe,burst,all,2158,0.6528262495994568
E,aug,2,clean,clean,none,none,all,2158,0.6015807390213013
E,aug,2,clean,clean,none,none,clean_norm,912,0.619323194026947
E,aug,2,clean,clean,none,none,clean_abnormal,1195,0.5876085758209229
E,aug,2,baseline_wander|mild|whole,baseline_wander,mild,whole,all,2158,0.6015743613243103
E,aug,2,baseline_wander|mild|burst,baseline_wander,mild,burst,all,2158,0.6015620231628418
E,aug,2,baseline_wander|moderate|whole,baseline_wander,moderate,whole,all,2158,0.6015072464942932
E,aug,2,baseline_wander|moderate|burst,baseline_wander,moderate,burst,all,2158,0.601350724697113
E,aug,2,baseline_wander|severe|whole,baseline_wander,severe,whole,all,2158,0.6012983322143555
E,aug,2,baseline_wander|severe|burst,baseline_wander,severe,burst,all,2158,0.6008128523826599
E,aug,2,emg|mild|whole,emg,mild,whole,all,2158,0.6012042164802551
E,aug,2,emg|mild|burst,emg,mild,burst,all,2158,0.6014819741249084
E,aug,2,emg|moderate|whole,emg,moderate,whole,all,2158,0.6005637049674988
E,aug,2,emg|moderate|burst,emg,moderate,burst,all,2158,0.6013042330741882
E,aug,2,emg|severe|whole,emg,severe,whole,all,2158,0.5987780690193176
E,aug,2,emg|severe|burst,emg,severe,burst,all,2158,0.6007837653160095
E,aug,2,motion_burst|mild|whole,motion_burst,mild,whole,all,2158,0.6013486981391907
E,aug,2,motion_burst|mild|burst,motion_burst,mild,burst,all,2158,0.6017175912857056
E,aug,2,motion_burst|moderate|whole,motion_burst,moderate,whole,all,2158,0.5992074012756348
E,aug,2,motion_burst|moderate|burst,motion_burst,moderate,burst,all,2158,0.6003215312957764
E,aug,2,motion_burst|severe|whole,motion_burst,severe,whole,all,2158,0.5960642099380493
E,aug,2,motion_burst|severe|burst,motion_burst,severe,burst,all,2158,0.5973754525184631
E,aug,2,dropout|mild|na,dropout,mild,na,all,2158,0.5990086793899536
E,aug,2,dropout|moderate|na,dropout,moderate,na,all,2158,0.596144437789917
E,aug,2,dropout|severe|na,dropout,severe,na,all,2158,0.5898709297180176
E,aug,2,mixed|mild|whole,mixed,mild,whole,all,2158,0.6014070510864258
E,aug,2,mixed|mild|burst,mixed,mild,burst,all,2158,0.6016045212745667
E,aug,2,mixed|moderate|whole,mixed,moderate,whole,all,2158,0.6001543402671814
E,aug,2,mixed|moderate|burst,mixed,moderate,burst,all,2158,0.6009259819984436
E,aug,2,mixed|severe|whole,mixed,severe,whole,all,2158,0.5976536870002747
E,aug,2,mixed|severe|burst,mixed,severe,burst,all,2158,0.5991871356964111
E,aug,3,clean,clean,none,none,all,2158,0.5804704427719116
E,aug,3,clean,clean,none,none,clean_norm,912,0.6118964552879333
E,aug,3,clean,clean,none,none,clean_abnormal,1195,0.5554549694061279
E,aug,3,baseline_wander|mild|whole,baseline_wander,mild,whole,all,2158,0.580461859703064
E,aug,3,baseline_wander|mild|burst,baseline_wander,mild,burst,all,2158,0.5803238749504089
E,aug,3,baseline_wander|moderate|whole,baseline_wander,moderate,whole,all,2158,0.5803704261779785
E,aug,3,baseline_wander|moderate|burst,baseline_wander,moderate,burst,all,2158,0.5797536373138428
E,aug,3,baseline_wander|severe|whole,baseline_wander,severe,whole,all,2158,0.5800719261169434
E,aug,3,baseline_wander|severe|burst,baseline_wander,severe,burst,all,2158,0.5789952874183655
E,aug,3,emg|mild|whole,emg,mild,whole,all,2158,0.5810153484344482
E,aug,3,emg|mild|burst,emg,mild,burst,all,2158,0.5806313157081604
E,aug,3,emg|moderate|whole,emg,moderate,whole,all,2158,0.5818384885787964
E,aug,3,emg|moderate|burst,emg,moderate,burst,all,2158,0.5808483362197876
E,aug,3,emg|severe|whole,emg,severe,whole,all,2158,0.5819411873817444
E,aug,3,emg|severe|burst,emg,severe,burst,all,2158,0.5808308124542236
E,aug,3,motion_burst|mild|whole,motion_burst,mild,whole,all,2158,0.5777192115783691
E,aug,3,motion_burst|mild|burst,motion_burst,mild,burst,all,2158,0.578367292881012
E,aug,3,motion_burst|moderate|whole,motion_burst,moderate,whole,all,2158,0.5733489990234375
E,aug,3,motion_burst|moderate|burst,motion_burst,moderate,burst,all,2158,0.5731387734413147
E,aug,3,motion_burst|severe|whole,motion_burst,severe,whole,all,2158,0.5708293914794922
E,aug,3,motion_burst|severe|burst,motion_burst,severe,burst,all,2158,0.5696202516555786
E,aug,3,dropout|mild|na,dropout,mild,na,all,2158,0.5767114162445068
E,aug,3,dropout|moderate|na,dropout,moderate,na,all,2158,0.572709858417511
E,aug,3,dropout|severe|na,dropout,severe,na,all,2158,0.5615689158439636
E,aug,3,mixed|mild|whole,mixed,mild,whole,all,2158,0.5795962810516357
E,aug,3,mixed|mild|burst,mixed,mild,burst,all,2158,0.5796529054641724
E,aug,3,mixed|moderate|whole,mixed,moderate,whole,all,2158,0.5774423480033875
E,aug,3,mixed|moderate|burst,mixed,moderate,burst,all,2158,0.5770334005355835
E,aug,3,mixed|severe|whole,mixed,severe,whole,all,2158,0.5754839777946472
E,aug,3,mixed|severe|burst,mixed,severe,burst,all,2158,0.5743733048439026
E,aug,4,clean,clean,none,none,all,2158,0.623248815536499
E,aug,4,clean,clean,none,none,clean_norm,912,0.671325147151947
E,aug,4,clean,clean,none,none,clean_abnormal,1195,0.5850459337234497
E,aug,4,baseline_wander|mild|whole,baseline_wander,mild,whole,all,2158,0.6231923699378967
E,aug,4,baseline_wander|mild|burst,baseline_wander,mild,burst,all,2158,0.6228705048561096
E,aug,4,baseline_wander|moderate|whole,baseline_wander,moderate,whole,all,2158,0.622775673866272
E,aug,4,baseline_wander|moderate|burst,baseline_wander,moderate,burst,all,2158,0.6211559176445007
E,aug,4,baseline_wander|severe|whole,baseline_wander,severe,whole,all,2158,0.6216050982475281
E,aug,4,baseline_wander|severe|burst,baseline_wander,severe,burst,all,2158,0.618700385093689
E,aug,4,emg|mild|whole,emg,mild,whole,all,2158,0.6225113272666931
E,aug,4,emg|mild|burst,emg,mild,burst,all,2158,0.6230210661888123
E,aug,4,emg|moderate|whole,emg,moderate,whole,all,2158,0.6208488345146179
E,aug,4,emg|moderate|burst,emg,moderate,burst,all,2158,0.6225348711013794
E,aug,4,emg|severe|whole,emg,severe,whole,all,2158,0.615397036075592
E,aug,4,emg|severe|burst,emg,severe,burst,all,2158,0.6213451027870178
E,aug,4,motion_burst|mild|whole,motion_burst,mild,whole,all,2158,0.6180089712142944
E,aug,4,motion_burst|mild|burst,motion_burst,mild,burst,all,2158,0.6196151971817017
E,aug,4,motion_burst|moderate|whole,motion_burst,moderate,whole,all,2158,0.6092268228530884
E,aug,4,motion_burst|moderate|burst,motion_burst,moderate,burst,all,2158,0.6096919775009155
E,aug,4,motion_burst|severe|whole,motion_burst,severe,whole,all,2158,0.6064373850822449
E,aug,4,motion_burst|severe|burst,motion_burst,severe,burst,all,2158,0.6061283946037292
E,aug,4,dropout|mild|na,dropout,mild,na,all,2158,0.6150783896446228
E,aug,4,dropout|moderate|na,dropout,moderate,na,all,2158,0.6075391173362732
E,aug,4,dropout|severe|na,dropout,severe,na,all,2158,0.5909962058067322
E,aug,4,mixed|mild|whole,mixed,mild,whole,all,2158,0.6208648681640625
E,aug,4,mixed|mild|burst,mixed,mild,burst,all,2158,0.6215670704841614
E,aug,4,mixed|moderate|whole,mixed,moderate,whole,all,2158,0.6144293546676636
E,aug,4,mixed|moderate|burst,mixed,moderate,burst,all,2158,0.6156891584396362
E,aug,4,mixed|severe|whole,mixed,severe,whole,all,2158,0.6085652112960815
E,aug,4,mixed|severe|burst,mixed,severe,burst,all,2158,0.6107761859893799
E,clean,0,clean,clean,none,none,all,2158,0.5783786177635193
E,clean,0,clean,clean,none,none,clean_norm,912,0.61871737241745
E,clean,0,clean,clean,none,none,clean_abnormal,1195,0.546424925327301
E,clean,0,baseline_wander|mild|whole,baseline_wander,mild,whole,all,2158,0.5783455967903137
E,clean,0,baseline_wander|mild|burst,baseline_wander,mild,burst,all,2158,0.5782135725021362
E,clean,0,baseline_wander|moderate|whole,baseline_wander,moderate,whole,all,2158,0.5781505703926086
E,clean,0,baseline_wander|moderate|burst,baseline_wander,moderate,burst,all,2158,0.577538251876831
E,clean,0,baseline_wander|severe|whole,baseline_wander,severe,whole,all,2158,0.5777043104171753
E,clean,0,baseline_wander|severe|burst,baseline_wander,severe,burst,all,2158,0.5765448808670044
E,clean,0,emg|mild|whole,emg,mild,whole,all,2158,0.5783161520957947
E,clean,0,emg|mild|burst,emg,mild,burst,all,2158,0.5784119367599487
E,clean,0,emg|moderate|whole,emg,moderate,whole,all,2158,0.5713655948638916
E,clean,0,emg|moderate|burst,emg,moderate,burst,all,2158,0.5772817134857178
E,clean,0,emg|severe|whole,emg,severe,whole,all,2158,0.5469948053359985
E,clean,0,emg|severe|burst,emg,severe,burst,all,2158,0.5730301141738892
E,clean,0,motion_burst|mild|whole,motion_burst,mild,whole,all,2158,0.576089084148407
E,clean,0,motion_burst|mild|burst,motion_burst,mild,burst,all,2158,0.576840877532959
E,clean,0,motion_burst|moderate|whole,motion_burst,moderate,whole,all,2158,0.5711406469345093
E,clean,0,motion_burst|moderate|burst,motion_burst,moderate,burst,all,2158,0.571264386177063
E,clean,0,motion_burst|severe|whole,motion_burst,severe,whole,all,2158,0.5668573975563049
E,clean,0,motion_burst|severe|burst,motion_burst,severe,burst,all,2158,0.56657874584198
E,clean,0,dropout|mild|na,dropout,mild,na,all,2158,0.5727501511573792
E,clean,0,dropout|moderate|na,dropout,moderate,na,all,2158,0.5651717185974121
E,clean,0,dropout|severe|na,dropout,severe,na,all,2158,0.5464065074920654
E,clean,0,mixed|mild|whole,mixed,mild,whole,all,2158,0.5772788524627686
E,clean,0,mixed|mild|burst,mixed,mild,burst,all,2158,0.5779415965080261
E,clean,0,mixed|moderate|whole,mixed,moderate,whole,all,2158,0.5734716057777405
E,clean,0,mixed|moderate|burst,mixed,moderate,burst,all,2158,0.575655996799469
E,clean,0,mixed|severe|whole,mixed,severe,whole,all,2158,0.5595667958259583
E,clean,0,mixed|severe|burst,mixed,severe,burst,all,2158,0.5715131759643555
E,clean,1,clean,clean,none,none,all,2158,0.6413732767105103
E,clean,1,clean,clean,none,none,clean_norm,912,0.6451840400695801
E,clean,1,clean,clean,none,none,clean_abnormal,1195,0.6382941007614136
E,clean,1,baseline_wander|mild|whole,baseline_wander,mild,whole,all,2158,0.641363263130188
E,clean,1,baseline_wander|mild|burst,baseline_wander,mild,burst,all,2158,0.6413165926933289
E,clean,1,baseline_wander|moderate|whole,baseline_wander,moderate,whole,all,2158,0.6413080096244812
E,clean,1,baseline_wander|moderate|burst,baseline_wander,moderate,burst,all,2158,0.641072690486908
E,clean,1,baseline_wander|severe|whole,baseline_wander,severe,whole,all,2158,0.6411535739898682
E,clean,1,baseline_wander|severe|burst,baseline_wander,severe,burst,all,2158,0.6407715082168579
E,clean,1,emg|mild|whole,emg,mild,whole,all,2158,0.6416757106781006
E,clean,1,emg|mild|burst,emg,mild,burst,all,2158,0.6415218710899353
E,clean,1,emg|moderate|whole,emg,moderate,whole,all,2158,0.6369202136993408
E,clean,1,emg|moderate|burst,emg,moderate,burst,all,2158,0.6399406790733337
E,clean,1,emg|severe|whole,emg,severe,whole,all,2158,0.6378450989723206
E,clean,1,emg|severe|burst,emg,severe,burst,all,2158,0.6384220123291016
E,clean,1,motion_burst|mild|whole,motion_burst,mild,whole,all,2158,0.6407915353775024
E,clean,1,motion_burst|mild|burst,motion_burst,mild,burst,all,2158,0.6409554481506348
E,clean,1,motion_burst|moderate|whole,motion_burst,moderate,whole,all,2158,0.6400550007820129
E,clean,1,motion_burst|moderate|burst,motion_burst,moderate,burst,all,2158,0.6399864554405212
E,clean,1,motion_burst|severe|whole,motion_burst,severe,whole,all,2158,0.6401872634887695
E,clean,1,motion_burst|severe|burst,motion_burst,severe,burst,all,2158,0.6397384405136108
E,clean,1,dropout|mild|na,dropout,mild,na,all,2158,0.6401726603507996
E,clean,1,dropout|moderate|na,dropout,moderate,na,all,2158,0.6390153169631958
E,clean,1,dropout|severe|na,dropout,severe,na,all,2158,0.6379039287567139
E,clean,1,mixed|mild|whole,mixed,mild,whole,all,2158,0.6416580080986023
E,clean,1,mixed|mild|burst,mixed,mild,burst,all,2158,0.6413702964782715
E,clean,1,mixed|moderate|whole,mixed,moderate,whole,all,2158,0.6390471458435059
E,clean,1,mixed|moderate|burst,mixed,moderate,burst,all,2158,0.6401890516281128
E,clean,1,mixed|severe|whole,mixed,severe,whole,all,2158,0.6369786262512207
E,clean,1,mixed|severe|burst,mixed,severe,burst,all,2158,0.6389727592468262
E,clean,2,clean,clean,none,none,all,2158,0.5869124531745911
E,clean,2,clean,clean,none,none,clean_norm,912,0.6200647354125977
E,clean,2,clean,clean,none,none,clean_abnormal,1195,0.5605863928794861
E,clean,2,baseline_wander|mild|whole,baseline_wander,mild,whole,all,2158,0.5869084000587463
E,clean,2,baseline_wander|mild|burst,baseline_wander,mild,burst,all,2158,0.5868579745292664
E,clean,2,baseline_wander|moderate|whole,baseline_wander,moderate,whole,all,2158,0.5868606567382812
E,clean,2,baseline_wander|moderate|burst,baseline_wander,moderate,burst,all,2158,0.5865516066551208
E,clean,2,baseline_wander|severe|whole,baseline_wander,severe,whole,all,2158,0.5867184400558472
E,clean,2,baseline_wander|severe|burst,baseline_wander,severe,burst,all,2158,0.5859517455101013
E,clean,2,emg|mild|whole,emg,mild,whole,all,2158,0.5865079164505005
E,clean,2,emg|mild|burst,emg,mild,burst,all,2158,0.586829423904419
E,clean,2,emg|moderate|whole,emg,moderate,whole,all,2158,0.578840434551239
E,clean,2,emg|moderate|burst,emg,moderate,burst,all,2158,0.5847151279449463
E,clean,2,emg|severe|whole,emg,severe,whole,all,2158,0.5438002943992615
E,clean,2,emg|severe|burst,emg,severe,burst,all,2158,0.5729293823242188
E,clean,2,motion_burst|mild|whole,motion_burst,mild,whole,all,2158,0.5861638188362122
E,clean,2,motion_burst|mild|burst,motion_burst,mild,burst,all,2158,0.5865668654441833
E,clean,2,motion_burst|moderate|whole,motion_burst,moderate,whole,all,2158,0.5835947394371033
E,clean,2,motion_burst|moderate|burst,motion_burst,moderate,burst,all,2158,0.5847517848014832
E,clean,2,motion_burst|severe|whole,motion_burst,severe,whole,all,2158,0.5790588855743408
E,clean,2,motion_burst|severe|burst,motion_burst,severe,burst,all,2158,0.5810111165046692
E,clean,2,dropout|mild|na,dropout,mild,na,all,2158,0.5824163556098938
E,clean,2,dropout|moderate|na,dropout,moderate,na,all,2158,0.5760260224342346
E,clean,2,dropout|severe|na,dropout,severe,na,all,2158,0.5608133673667908
E,clean,2,mixed|mild|whole,mixed,mild,whole,all,2158,0.586560845375061
E,clean,2,mixed|mild|burst,mixed,mild,burst,all,2158,0.5867665410041809
E,clean,2,mixed|moderate|whole,mixed,moderate,whole,all,2158,0.5832358002662659
E,clean,2,mixed|moderate|burst,mixed,moderate,burst,all,2158,0.5852301716804504
E,clean,2,mixed|severe|whole,mixed,severe,whole,all,2158,0.5702272057533264
E,clean,2,mixed|severe|burst,mixed,severe,burst,all,2158,0.5802310705184937
E,clean,3,clean,clean,none,none,all,2158,0.6362115144729614
E,clean,3,clean,clean,none,none,clean_norm,912,0.644743800163269
E,clean,3,clean,clean,none,none,clean_abnormal,1195,0.6294686198234558
E,clean,3,baseline_wander|mild|whole,baseline_wander,mild,whole,all,2158,0.636193573474884
E,clean,3,baseline_wander|mild|burst,baseline_wander,mild,burst,all,2158,0.6361566781997681
E,clean,3,baseline_wander|moderate|whole,baseline_wander,moderate,whole,all,2158,0.6360487937927246
E,clean,3,baseline_wander|moderate|burst,baseline_wander,moderate,burst,all,2158,0.63582843542099
E,clean,3,baseline_wander|severe|whole,baseline_wander,severe,whole,all,2158,0.6356474161148071
E,clean,3,baseline_wander|severe|burst,baseline_wander,severe,burst,all,2158,0.6352400183677673
E,clean,3,emg|mild|whole,emg,mild,whole,all,2158,0.6338456273078918
E,clean,3,emg|mild|burst,emg,mild,burst,all,2158,0.63567715883255
E,clean,3,emg|moderate|whole,emg,moderate,whole,all,2158,0.6226490139961243
E,clean,3,emg|moderate|burst,emg,moderate,burst,all,2158,0.6325589418411255
E,clean,3,emg|severe|whole,emg,severe,whole,all,2158,0.6062569618225098
E,clean,3,emg|severe|burst,emg,severe,burst,all,2158,0.6270421147346497
E,clean,3,motion_burst|mild|whole,motion_burst,mild,whole,all,2158,0.6353608965873718
E,clean,3,motion_burst|mild|burst,motion_burst,mild,burst,all,2158,0.6356536149978638
E,clean,3,motion_burst|moderate|whole,motion_burst,moderate,whole,all,2158,0.6335663199424744
E,clean,3,motion_burst|moderate|burst,motion_burst,moderate,burst,all,2158,0.634003221988678
E,clean,3,motion_burst|severe|whole,motion_burst,severe,whole,all,2158,0.6320326328277588
E,clean,3,motion_burst|severe|burst,motion_burst,severe,burst,all,2158,0.632827639579773
E,clean,3,dropout|mild|na,dropout,mild,na,all,2158,0.6340821385383606
E,clean,3,dropout|moderate|na,dropout,moderate,na,all,2158,0.6315563321113586
E,clean,3,dropout|severe|na,dropout,severe,na,all,2158,0.626347541809082
E,clean,3,mixed|mild|whole,mixed,mild,whole,all,2158,0.6350672245025635
E,clean,3,mixed|mild|burst,mixed,mild,burst,all,2158,0.6358099579811096
E,clean,3,mixed|moderate|whole,mixed,moderate,whole,all,2158,0.6295933127403259
E,clean,3,mixed|moderate|burst,mixed,moderate,burst,all,2158,0.6336919665336609
E,clean,3,mixed|severe|whole,mixed,severe,whole,all,2158,0.6199368834495544
E,clean,3,mixed|severe|burst,mixed,severe,burst,all,2158,0.6302947402000427
E,clean,4,clean,clean,none,none,all,2158,0.6568134427070618
E,clean,4,clean,clean,none,none,clean_norm,912,0.7076163291931152
E,clean,4,clean,clean,none,none,clean_abnormal,1195,0.6163890957832336
E,clean,4,baseline_wander|mild|whole,baseline_wander,mild,whole,all,2158,0.6567606925964355
E,clean,4,baseline_wander|mild|burst,baseline_wander,mild,burst,all,2158,0.6566165089607239
E,clean,4,baseline_wander|moderate|whole,baseline_wander,moderate,whole,all,2158,0.6563435792922974
E,clean,4,baseline_wander|moderate|burst,baseline_wander,moderate,burst,all,2158,0.655487596988678
E,clean,4,baseline_wander|severe|whole,baseline_wander,severe,whole,all,2158,0.6551175117492676
E,clean,4,baseline_wander|severe|burst,baseline_wander,severe,burst,all,2158,0.6534518003463745
E,clean,4,emg|mild|whole,emg,mild,whole,all,2158,0.653765857219696
E,clean,4,emg|mild|burst,emg,mild,burst,all,2158,0.6561680436134338
E,clean,4,emg|moderate|whole,emg,moderate,whole,all,2158,0.6326679587364197
E,clean,4,emg|moderate|burst,emg,moderate,burst,all,2158,0.6519786715507507
E,clean,4,emg|severe|whole,emg,severe,whole,all,2158,0.582543134689331
E,clean,4,emg|severe|burst,emg,severe,burst,all,2158,0.6406707167625427
E,clean,4,motion_burst|mild|whole,motion_burst,mild,whole,all,2158,0.6538694500923157
E,clean,4,motion_burst|mild|burst,motion_burst,mild,burst,all,2158,0.655232846736908
E,clean,4,motion_burst|moderate|whole,motion_burst,moderate,whole,all,2158,0.6460137963294983
E,clean,4,motion_burst|moderate|burst,motion_burst,moderate,burst,all,2158,0.6472058892250061
E,clean,4,motion_burst|severe|whole,motion_burst,severe,whole,all,2158,0.6399043798446655
E,clean,4,motion_burst|severe|burst,motion_burst,severe,burst,all,2158,0.6400995254516602
E,clean,4,dropout|mild|na,dropout,mild,na,all,2158,0.6509586572647095
E,clean,4,dropout|moderate|na,dropout,moderate,na,all,2158,0.6433910131454468
E,clean,4,dropout|severe|na,dropout,severe,na,all,2158,0.6228762865066528
E,clean,4,mixed|mild|whole,mixed,mild,whole,all,2158,0.6547850370407104
E,clean,4,mixed|mild|burst,mixed,mild,burst,all,2158,0.655985414981842
E,clean,4,mixed|moderate|whole,mixed,moderate,whole,all,2158,0.6449783444404602
E,clean,4,mixed|moderate|burst,mixed,moderate,burst,all,2158,0.6517294645309448
E,clean,4,mixed|severe|whole,mixed,severe,whole,all,2158,0.6191167235374451
E,clean,4,mixed|severe|burst,mixed,severe,burst,all,2158,0.6437872052192688
