variant,regime,condition,family,severity,mode,n_seeds,auroc_mean,auroc_std,f1_mean,f1_std
A,aug,clean,clean,none,none,5,0.8496365392012949,0.0012566376249159405,0.6303705236223556,0.00159057905953663
A,clean,clean,clean,none,none,5,0.8483637469257876,0.0033307131456508706,0.6280131395150512,0.003904214489568023
C,aug,clean,clean,none,none,5,0.8477555593408759,0.0008060565976141474,0.6283371194056528,0.0020323156372834576
C,clean,clean,clean,none,none,5,0.8481407712659961,0.0003378991673889108,0.6267229323840301,0.0032225846351707525
E,aug,clean,clean,none,none,5,0.8496078993873833,0.0022857100716615897,0.6288731815431496,0.004695719837751237
E,clean,clean,clean,none,none,5,0.8501539240174589,0.0014765333177720772,0.6311118933132098,0.0032683006127677094
A,aug,baseline_wander|mild|whole,baseline_wander,mild,whole,5,0.8496303306450577,0.001236534821494784,0.630014987370229,0.0013836321264383861
A,clean,baseline_wander|mild|whole,baseline_wander,mild,whole,5,0.8483886370920152,0.0033482180139483807,0.6279658351680542,0.004432648655202683
C,aug,baseline_wander|mild|whole,baseline_wander,mild,whole,5,0.8479058023907848,0.0007835962046976318,0.6277636133645248,0.002259213665030534
C,clean,baseline_wander|mild|whole,baseline_wander,mild,whole,5,0.8483159014363781,0.000312455909826308,0.6273596132287024,0.0036860530952777817
E,aug,baseline_wander|mild|whole,baseline_wander,mild,whole,5,0.849714140263434,0.0023076385936868457,0.628755740437547,0.004477306168063536
E,clean,baseline_wander|mild|whole,baseline_wander,mild,whole,5,0.8502625580725578,0.0015137296866290703,0.6309862394037248,0.003399821226508592
A,aug,baseline_wander|mild|burst,baseline_wander,mild,burst,5,0.8495833297131739,0.001335681835394031,0.6303251295744403,0.0022472991649880635
A,clean,baseline_wander|mild|burst,baseline_wander,mild,burst,5,0.8482738262063787,0.0034606479218816807,0.6286559071943922,0.004116622619282423
C,aug,baseline_wander|mild|burst,baseline_wander,mild,burst,5,0.8476128089325353,0.0008841992268135923,0.6283122937928292,0.00287490987115049
C,clean,baseline_wander|mild|burst,baseline_wander,mild,burst,5,0.848059383765763,0.0003632963680957745,0.6264762948562831,0.003028067251025015
E,aug,baseline_wander|mild|burst,baseline_wander,mild,burst,5,0.8493934904863387,0.002394905254520408,0.6283429458023082,0.004678656462684105
E,clean,baseline_wander|mild|burst,baseline_wander,mild,burst,5,0.8500544863007342,0.0015175545113177563,0.6310396726681992,0.003056381954879334
A,aug,baseline_wander|moderate|whole,baseline_wander,moderate,whole,5,0.8496647801861,0.001262129544538943,0.6306597159644335,0.0022711729753572534
A,clean,baseline_wander|moderate|whole,baseline_wander,moderate,whole,5,0.8484115887671768,0.003425931974675707,0.6280738091141204,0.004861975448762127
C,aug,baseline_wander|moderate|whole,baseline_wander,moderate,whole,5,0.8480921058523488,0.0007752656291628494,0.6282738678387048,0.002921183036477532
C,clean,baseline_wander|moderate|whole,baseline_wander,moderate,whole,5,0.8484683317353744,0.00036816764454239426,0.6278693815816957,0.00265797359182005
E,aug,baseline_wander|moderate|whole,baseline_wander,moderate,whole,5,0.8498656477098672,0.0022703452061320077,0.629664103848534,0.0034960176306142836
E,clean,baseline_wander|moderate|whole,baseline_wander,moderate,whole,5,0.8503347742192939,0.0015740107218175918,0.6308247058202981,0.003879487915669728
A,aug,baseline_wander|moderate|burst,baseline_wander,moderate,burst,5,0.8491412954895724,0.0014762805147506342,0.6286913471343445,0.0017466364133066365
A,clean,baseline_wander|moderate|burst,baseline_wander,moderate,burst,5,0.8478193895842695,0.0036674677403513486,0.6266211254942947,0.0036189369856504195
C,aug,baseline_wander|moderate|burst,baseline_wander,moderate,burst,5,0.8471302412864075,0.000976042509814597,0.6281070192145032,0.003516539395640099
C,clean,baseline_wander|moderate|burst,baseline_wander,moderate,burst,5,0.8476639809079781,0.000544396587883575,0.6275273924626605,0.0025384897399550847
E,aug,baseline_wander|moderate|burst,baseline_wander,moderate,burst,5,0.8489182680800494,0.0023736785706086824,0.6272261158152147,0.0038836063958549933
E,clean,baseline_wander|moderate|burst,baseline_wander,moderate,burst,5,0.849567041192083,0.0016376308999900807,0.6290212236544388,0.0015650056457926112
A,aug,baseline_wander|severe|whole,baseline_wander,severe,whole,5,0.8492713911024994,0.0013475715138244495,0.6292592643296715,0.0034200867322638864
A,clean,baseline_wander|severe|whole,baseline_wander,severe,whole,5,0.847920697521064,0.0035916008061104717,0.6265610245052177,0.0050403316036286465
C,aug,baseline_wander|severe|whole,baseline_wander,severe,whole,5,0.847821209847622,0.000958898859272285,0.6277597011793928,0.003035110527340176
C,clean,baseline_wander|severe|whole,baseline_wander,severe,whole,5,0.8479378532606734,0.0006510414800605809,0.6288723470004787,0.002497926548059734
E,aug,baseline_wander|severe|whole,baseline_wander,severe,whole,5,0.8496628011227909,0.002152731885466314,0.628788753655334,0.004586003428979682
E,clean,baseline_wander|severe|whole,baseline_wander,severe,whole,5,0.8497198239119748,0.0017438513520685985,0.6291817625576728,0.002913555485172662
A,aug,baseline_wander|severe|burst,baseline_wander,severe,burst,5,0.8486464947419323,0.0015081940526900865,0.6279066645498446,0.0019967397172905715
A,clean,baseline_wander|severe|burst,baseline_wander,severe,burst,5,0.8470609365618449,0.0037370552510923205,0.6233597636398628,0.005377018810676083
C,aug,baseline_wander|severe|burst,baseline_wander,severe,burst,5,0.8464582360349693,0.0011725247922486463,0.627528715061668,0.004792910305830895
C,clean,baseline_wander|severe|burst,baseline_wander,severe,burst,5,0.8469589349019235,0.0008150159724443642,0.6260049508874977,0.0028142444823546528
E,aug,baseline_wander|severe|burst,baseline_wander,severe,burst,5,0.8483081233980421,0.002382614926021901,0.62724463396468,0.0030546269937791323
E,clean,baseline_wander|severe|burst,baseline_wander,severe,burst,5,0.8487882265532456,0.0017428879931620366,0.6272376190188023,0.0022113923158245223
A,aug,emg|mild|whole,emg,mild,whole,5,0.849767746425018,0.001368885702239417,0.629107289790053,0.0020282614887787297
A,clean,emg|mild|whole,emg,mild,whole,5,0.8438740850394264,0.003846080190994503,0.6180517371439883,0.007598486810362987
C,aug,emg|mild|whole,emg,mild,whole,5,0.8476461316629322,0.000974692346722262,0.6268897228307406,0.003385737369471316
C,clean,emg|mild|whole,emg,mild,whole,5,0.8430849853319847,0.0017554450158487724,0.614648346722465,0.006416115279350142
E,aug,emg|mild|whole,emg,mild,whole,5,0.849593570246719,0.002330582741213666,0.6277644307116501,0.0038695487017904153
E,clean,emg|mild|whole,emg,mild,whole,5,0.8442166769041881,0.0042091990756409434,0.6144375035564137,0.0059744594272297565
A,aug,emg|mild|burst,emg,mild,burst,5,0.8494240668911461,0.0013673899791505708,0.6297298307778291,0.001146128786054553
A,clean,emg|mild|burst,emg,mild,burst,5,0.8472191542848464,0.0033809763056361743,0.6247158536116858,0.00445823811894116
C,aug,emg|mild|burst,emg,mild,burst,5,0.8475203492477021,0.0008569560291600022,0.6289043284254369,0.0025805943229640937
C,clean,emg|mild|burst,emg,mild,burst,5,0.8475727378153521,0.0006562222533744662,0.6268048615274247,0.0029807316788464816
E,aug,emg|mild|burst,emg,mild,burst,5,0.8493174376868111,0.002365768383112458,0.6283744654958566,0.004085427076099742
E,clean,emg|mild|burst,emg,mild,burst,5,0.848897706598267,0.002020195756907739,0.628064757924554,0.0034878149247000944
A,aug,emg|moderate|whole,emg,moderate,whole,5,0.8487188383399374,0.0017755800270831765,0.6255179266143321,0.004259446105530132
A,clean,emg|moderate|whole,emg,moderate,whole,5,0.8215832761502744,0.00663781189682979,0.5755205649726909,0.018929858573660564
C,aug,emg|moderate|whole,emg,moderate,whole,5,0.8459002359042097,0.0013837490969265637,0.6223394364654,0.00445627405449071
C,clean,emg|moderate|whole,emg,moderate,whole,5,0.8202924405498375,0.007587163416327523,0.5637462492783893,0.03075357553047635
E,aug,emg|moderate|whole,emg,moderate,whole,5,0.8480058700702315,0.0024386199521932873,0.6231211516175094,0.004487977546414538
E,clean,emg|moderate|whole,emg,moderate,whole,5,0.819638830009311,0.008086054357730826,0.5449794448196716,0.03164926331891318
A,aug,emg|moderate|burst,emg,moderate,burst,5,0.8490710697129755,0.0014981030733768519,0.6277831641635456,0.0022737469602221753
A,clean,emg|moderate|burst,emg,moderate,burst,5,0.8455459331752984,0.004029031002615876,0.6205216366933592,0.005154077071292314
C,aug,emg|moderate|burst,emg,moderate,burst,5,0.8470145680615049,0.0008975093324239727,0.6273226257786093,0.0038623832076855554
C,clean,emg|moderate|burst,emg,moderate,burst,5,0.84615868128228,0.0014425117632035649,0.6220438214143782,0.006681475157471865
E,aug,emg|moderate|burst,emg,moderate,burst,5,0.8487908130955205,0.002363865713265158,0.627715130936698,0.003855970964968962
E,clean,emg|moderate|burst,emg,moderate,burst,5,0.8468116043465532,0.0021832160211821866,0.6181135166374416,0.006234030283912732
A,aug,emg|severe|whole,emg,severe,whole,5,0.8440152006814735,0.002106034278359242,0.6177298362243784,0.004629905544578884
A,clean,emg|severe|whole,emg,severe,whole,5,0.7704227550410601,0.02061437142333573,0.3357078833919071,0.05838481281642045
C,aug,emg|severe|whole,emg,severe,whole,5,0.8403914856143126,0.002739712483328683,0.6126589412143294,0.006547218545557079
C,clean,emg|severe|whole,emg,severe,whole,5,0.770775927968312,0.026400346279924845,0.34544024912548205,0.0999790554132792
E,aug,emg|severe|whole,emg,severe,whole,5,0.8420118877778648,0.003493903211327071,0.6112688773340471,0.009781156426400836
E,clean,emg|severe|whole,emg,severe,whole,5,0.7695453150747015,0.01563145967631214,0.30633101199883617,0.0868598114254221
A,aug,emg|severe|burst,emg,severe,burst,5,0.8484626341130255,0.00138865879808731,0.6252344688286567,0.0022157792232617973
A,clean,emg|severe|burst,emg,severe,burst,5,0.8424159252812178,0.003442194559798938,0.5910814935390597,0.016403079068732472
C,aug,emg|severe|burst,emg,severe,burst,5,0.8460967677274714,0.0009601860852684913,0.6263975447566767,0.003629748500275515
C,clean,emg|severe|burst,emg,severe,burst,5,0.8429613830194708,0.0020844969709820876,0.5935113841252626,0.01400865385213484
E,aug,emg|severe|burst,emg,severe,burst,5,0.8479050654599346,0.002151748860846,0.6251852377860908,0.00576850969709298
E,clean,emg|severe|burst,emg,severe,burst,5,0.8446605180293083,0.0023503540115287734,0.5934632636615387,0.012173141878142554
A,aug,motion_burst|mild|whole,motion_burst,mild,whole,5,0.8483265025280848,0.001333297706289395,0.6270327284643509,0.00400196611262755
A,clean,motion_burst|mild|whole,motion_burst,mild,whole,5,0.8476361196310354,0.003297670709118884,0.6242476584613103,0.004624315358698503
C,aug,motion_burst|mild|whole,motion_burst,mild,whole,5,0.8464829835615195,0.0007135719375543412,0.6265817289028356,0.001830632915398462
C,clean,motion_burst|mild|whole,motion_burst,mild,whole,5,0.846950676190357,0.0007368008146627298,0.6257915711817869,0.0037446997954374626
E,aug,motion_burst|mild|whole,motion_burst,mild,whole,5,0.8483511699296082,0.002141378469732076,0.6252163458882646,0.004852408632787675
E,clean,motion_burst|mild|whole,motion_burst,mild,whole,5,0.8493335390849648,0.0015720980587730776,0.6277261771381035,0.002035792558770758
A,aug,motion_burst|mild|burst,motion_burst,mild,burst,5,0.8472063839649817,0.0013511375348171496,0.6251754025312576,0.004392447200076229
A,clean,motion_burst|mild|burst,motion_burst,mild,burst,5,0.8468167986871471,0.00313713099586603,0.6218301745792908,0.006035435181336929
C,aug,motion_burst|mild|burst,motion_burst,mild,burst,5,0.8465130020269573,0.0008761450052643822,0.6221222244763837,0.0040886850377932675
C,clean,motion_burst|mild|burst,motion_burst,mild,burst,5,0.84696662884062,0.0009788491307589466,0.6227888610077693,0.002552356641095091
E,aug,motion_burst|mild|burst,motion_burst,mild,burst,5,0.848021837570508,0.002264547035951363,0.6239545872846743,0.005740247257015574
E,clean,motion_burst|mild|burst,motion_burst,mild,burst,5,0.8490907681503647,0.001513276168777773,0.6262674780597471,0.0024673415853780816
A,aug,motion_burst|moderate|whole,motion_burst,moderate,whole,5,0.8451553204061397,0.001760242223242005,0.6169049305849331,0.0065595067796608356
A,clean,motion_burst|moderate|whole,motion_burst,moderate,whole,5,0.8442659602645074,0.0037609051026567574,0.6115559486691072,0.0064566756133101625
C,aug,motion_burst|moderate|whole,motion_burst,moderate,whole,5,0.8433496221968572,0.0018153021895455665,0.6180825944719351,0.0028751954697406774
C,clean,motion_burst|moderate|whole,motion_burst,moderate,whole,5,0.8436546239366043,0.0010705414461090565,0.6133963624186152,0.0029114786433431577
E,aug,motion_burst|moderate|whole,motion_burst,moderate,whole,5,0.8450106174899978,0.0025526081198218313,0.6154188447396972,0.005330514831499284
E,clean,motion_burst|moderate|whole,motion_burst,moderate,whole,5,0.8457857476189126,0.0022240388719578573,0.6143511971938231,0.00471065648726411
A,aug,motion_burst|moderate|burst,motion_burst,moderate,burst,5,0.8438780851701075,0.001492481778818988,0.6147115175084495,0.006268778975888716
A,clean,motion_burst|moderate|burst,motion_burst,moderate,burst,5,0.8438705412496501,0.0032557993851598786,0.6108693022556695,0.006193275614581816
C,aug,motion_burst|moderate|burst,motion_burst,moderate,burst,5,0.8434967727004729,0.0013729737809559024,0.6146114409444562,0.007203172435808221
C,clean,motion_burst|moderate|burst,motion_burst,moderate,burst,5,0.8438599436618123,0.0013558734196252547,0.6131402559421051,0.003981225904848548
E,aug,motion_burst|moderate|burst,motion_burst,moderate,burst,5,0.8446942405415175,0.002139937031534627,0.6134671022783704,0.004818480189921058
E,clean,motion_burst|moderate|burst,motion_burst,moderate,burst,5,0.8457542507052536,0.0023214517940099494,0.6138402579967577,0.004426640208493215
A,aug,motion_burst|severe|whole,motion_burst,severe,whole,5,0.8416113576322128,0.0018604628436830778,0.6005080591252221,0.01157166047731885
A,clean,motion_burst|severe|whole,motion_burst,severe,whole,5,0.8398320376910124,0.004600049989513407,0.5937971840458772,0.011782485471952053
C,aug,motion_burst|severe|whole,motion_burst,severe,whole,5,0.8390255434345295,0.002621342446982129,0.6053124749628048,0.004903672514676411
C,clean,motion_burst|severe|whole,motion_burst,severe,whole,5,0.8386055653241448,0.0023563126056650513,0.5985365665701405,0.012818950963483637
E,aug,motion_burst|severe|whole,motion_burst,severe,whole,5,0.8406257456915561,0.003361084882120381,0.6002333285233068,0.010932722416237677
E,clean,motion_burst|severe|whole,motion_burst,severe,whole,5,0.8395892595687584,0.002909745354404864,0.5982515921380355,0.006556643459438376
A,aug,motion_burst|severe|burst,motion_burst,severe,burst,5,0.8423625411279989,0.0019137060522455922,0.6045138630211271,0.009981151309274244
A,clean,motion_burst|severe|burst,motion_burst,severe,burst,5,0.8423565835133363,0.003614683465966358,0.6000582287849517,0.008880137164778217
C,aug,motion_burst|severe|burst,motion_burst,severe,burst,5,0.8422461811937685,0.002353967268223552,0.6060312002688801,0.00756688978375908
C,clean,motion_burst|severe|burst,motion_burst,severe,burst,5,0.8422527444160075,0.0019321870367622793,0.6022745169007528,0.007228575569345883
E,aug,motion_burst|severe|burst,motion_burst,severe,burst,5,0.8431987550827781,0.0027071984884613326,0.6000232247196179,0.008438097907470705
E,clean,motion_burst|severe|burst,motion_burst,severe,burst,5,0.8435784956061768,0.002836073038554533,0.6027054013434388,0.0055396587110309765
A,aug,dropout|mild|na,dropout,mild,na,5,0.8490321105951347,0.0013249525462879933,0.6292356959483273,0.003415290890981478
A,clean,dropout|mild|na,dropout,mild,na,5,0.8474365832315366,0.0034652701922077735,0.6237841445700447,0.004791202603422627
C,aug,dropout|mild|na,dropout,mild,na,5,0.8468917190189764,0.00039487097820037543,0.625287427852169,0.0019075812758486928
C,clean,dropout|mild|na,dropout,mild,na,5,0.8474133646421741,0.00030433391717326404,0.6265792417738199,0.0054676937566615754
E,aug,dropout|mild|na,dropout,mild,na,5,0.8487495951136337,0.0021366796151579704,0.6276465223759697,0.0026091617089491013
E,clean,dropout|mild|na,dropout,mild,na,5,0.8495137130754934,0.001650145583210399,0.6295396512406503,0.001719406591437889
A,aug,dropout|moderate|na,dropout,moderate,na,5,0.8479828034089699,0.0015306283923078425,0.6245676606525222,0.005446493413456955
A,clean,dropout|moderate|na,dropout,moderate,na,5,0.8463917728505435,0.0036687612568809284,0.6167286406246317,0.0075476684530676715
C,aug,dropout|moderate|na,dropout,moderate,na,5,0.8461959678840152,0.000612986506881989,0.6208148584576935,0.002494571566037586
C,clean,dropout|moderate|na,dropout,moderate,na,5,0.8461477742438444,0.000245200921394828,0.6222016343234884,0.005968713407641611
E,aug,dropout|moderate|na,dropout,moderate,na,5,0.8480298506248516,0.0022424388608133067,0.625059238358333,0.003763128574152879
E,clean,dropout|moderate|na,dropout,moderate,na,5,0.8487776142411236,0.0016086870136869495,0.6227039342562224,0.004474368541297977
A,aug,dropout|severe|na,dropout,severe,na,5,0.8464845121721931,0.001390647108281769,0.6095950587594222,0.014466225394527209
A,clean,dropout|severe|na,dropout,severe,na,5,0.8449729356919911,0.003485211020770043,0.5945160463451049,0.019509364001811687
C,aug,dropout|severe|na,dropout,severe,na,5,0.8450794858155077,0.0007507475822044633,0.6122177395002757,0.0032691317474226613
C,clean,dropout|severe|na,dropout,severe,na,5,0.8449184729599155,0.0006733661466069701,0.5891719714033172,0.028274408672797686
E,aug,dropout|severe|na,dropout,severe,na,5,0.8466480153474801,0.0022764212389593864,0.6102908804118428,0.00656206247130203
E,clean,dropout|severe|na,dropout,severe,na,5,0.8476012952597696,0.001552697801276143,0.5857336975609,0.05086932193192146
A,aug,mixed|mild|whole,mixed,mild,whole,5,0.8480941105076203,0.0014896111651956862,0.6279494645925012,0.003134995797814404
A,clean,mixed|mild|whole,mixed,mild,whole,5,0.8438250174638722,0.003084220371776197,0.6226093669197127,0.004414607303600005
C,aug,mixed|mild|whole,mixed,mild,whole,5,0.8468689111618637,0.0007517253376387675,0.6266291241998289,0.004595312721783037
C,clean,mixed|mild|whole,mixed,mild,whole,5,0.8413701737942517,0.0019865423100304644,0.6199717425143939,0.003927216926982036
E,aug,mixed|mild|whole,mixed,mild,whole,5,0.8486096043633011,0.001999718585596717,0.6270508617525901,0.0031653844504623448
E,clean,mixed|mild|whole,mixed,mild,whole,5,0.844307199036724,0.003359983477446302,0.6219497866210064,0.0038143796356220816
A,aug,mixed|mild|burst,mixed,mild,burst,5,0.8488573451833105,0.001226253979961893,0.6272535773965043,0.0028542317163086604
A,clean,mixed|mild|burst,mixed,mild,burst,5,0.8478086903613681,0.0033578299342685975,0.6266824699744452,0.005822051650599379
C,aug,mixed|mild|burst,mixed,mild,burst,5,0.8474089022327131,0.0007171892310294335,0.626588599509903,0.001876799294358285
C,clean,mixed|mild|burst,mixed,mild,burst,5,0.8474945870291503,0.0004652015437983442,0.6260938335335616,0.0037488831279359576
E,aug,mixed|mild|burst,mixed,mild,burst,5,0.8489546685633679,0.002221781257984027,0.6269192940661344,0.004136911316264766
E,clean,mixed|mild|burst,mixed,mild,burst,5,0.8493578127034752,0.0017323982763775164,0.630042636356948,0.004851860269706126
A,aug,mixed|moderate|whole,mixed,moderate,whole,5,0.8442664873051999,0.0014096751072074183,0.6187276634134479,0.0021397539988780704
A,clean,mixed|moderate|whole,mixed,moderate,whole,5,0.8302498014842475,0.004345956239482453,0.5993574974255642,0.00879503179706467
C,aug,mixed|moderate|whole,mixed,moderate,whole,5,0.8434542079440928,0.0009511984011385961,0.6208240751166649,0.0022844020823026426
C,clean,mixed|moderate|whole,mixed,moderate,whole,5,0.827749984481876,0.004068464036874569,0.5985198007055381,0.01415991084661409
E,aug,mixed|moderate|whole,mixed,moderate,whole,5,0.8451020271607114,0.0017860405200178333,0.6205599397226942,0.003945148359555855
E,clean,mixed|moderate|whole,mixed,moderate,whole,5,0.8280600748003284,0.007544924406205618,0.5896473120546885,0.014253076314445683
A,aug,mixed|moderate|burst,mixed,moderate,burst,5,0.8467418707509076,0.001412732225609372,0.625149014720513,0.004810337495048982
A,clean,mixed|moderate|burst,mixed,moderate,burst,5,0.8450336568912358,0.003464824637718144,0.6205095996080655,0.0045417568377991045
C,aug,mixed|moderate|burst,mixed,moderate,burst,5,0.84530432445102,0.0008226163735542283,0.6246366301736866,0.0024514810844153646
C,clean,mixed|moderate|burst,mixed,moderate,burst,5,0.8449739714847567,0.0008275898702157765,0.6246975202705826,0.00542222130888625
E,aug,mixed|moderate|burst,mixed,moderate,burst,5,0.8468151549260774,0.0021146455335373936,0.6243240738362502,0.002921507443535018
E,clean,mixed|moderate|burst,mixed,moderate,burst,5,0.8463664622226021,0.0027351090377774378,0.6241796605044964,0.006873492515668078
A,aug,mixed|severe|whole,mixed,severe,whole,5,0.8388966448233213,0.0016381056701095364,0.6080486848049311,0.0043557492207525455
A,clean,mixed|severe|whole,mixed,severe,whole,5,0.8070323817672099,0.00825846398208928,0.5185064448870726,0.02479321725502747
C,aug,mixed|severe|whole,mixed,severe,whole,5,0.8375415293877724,0.002251723521896281,0.6132354721930412,0.0047095364165590245
C,clean,mixed|severe|whole,mixed,severe,whole,5,0.8013796519155253,0.012596832595174771,0.5127419256055895,0.05864894426302522
E,aug,mixed|severe|whole,mixed,severe,whole,5,0.8389829712478477,0.002846640376467857,0.6102578147302344,0.007843899966305135
E,clean,mixed|severe|whole,mixed,severe,whole,5,0.7944098648547913,0.014549072996397443,0.5058485825489966,0.046490757280512204
A,aug,mixed|severe|burst,mixed,severe,burst,5,0.8441049515486407,0.0017940219747145886,0.6209030423115982,0.004792377103777163
A,clean,mixed|severe|burst,mixed,severe,burst,5,0.8430850549117036,0.0035031869647699243,0.6075826400773903,0.00520021554492694
C,aug,mixed|severe|burst,mixed,severe,burst,5,0.8422753765261037,0.0011357163689108471,0.6204858112373852,0.003911219929559448
C,clean,mixed|severe|burst,mixed,severe,burst,5,0.8413855318638396,0.0013040785533457726,0.6108053326741756,0.009198613541629546
E,aug,mixed|severe|burst,mixed,severe,burst,5,0.8438298376239892,0.0024239968129002743,0.6163081179761061,0.005213761404516363
E,clean,mixed|severe|burst,mixed,severe,burst,5,0.8425919776589383,0.002768261948310925,0.6100530617125466,0.00913297780344106
